open_time,close_time,symbol,action,lots,sl,tp,open_price,close_price,pips,profit,Duration (DD:HH:MM:SS),change_pct,trade_id,aligned_candle_idx,timestamp,aligned_candle_timestamp
2020-01-05 07:02:00+00:00,2020-01-05 07:14:00+00:00,XAUUSD,Buy,0.09,1674.9,0.0,1671.13,1674.9,377.0,33.52,00:00:12:00,2.41,1067,1092639,2020-01-03 21:55:00+00:00,2020-01-03 21:55:00+00:00
2020-01-09 15:02:00+00:00,2020-01-09 15:03:00+00:00,XAUUSD,Buy,0.14,1970.59,0.0,1972.1,1970.59,-151.0,-21.77,00:00:01:00,-1.07,1039,1093660,2020-01-09 15:00:00+00:00,2020-01-09 15:00:00+00:00
2020-02-04 02:02:00+00:00,2020-02-04 02:08:00+00:00,XAUUSD,Buy,0.09,1585.3,0.0,1584.34,1585.3,96.0,8.23,00:00:06:00,0.59,1076,1098424,2020-02-04 02:00:00+00:00,2020-02-04 02:00:00+00:00
2020-02-07 14:05:00+00:00,2020-02-07 14:15:00+00:00,XAUUSD,Buy,0.1,1764.5,0.0,1757.92,1764.5,658.0,65.35,00:00:10:00,4.52,1063,1099397,2020-02-07 14:05:00+00:00,2020-02-07 14:05:00+00:00
2020-02-10 03:57:00+00:00,2020-02-10 04:34:00+00:00,XAUUSD,Buy,0.14,1894.0,0.0,1893.01,1894.0,99.0,13.23,00:00:37:00,0.61,1026,1099551,2020-02-10 03:55:00+00:00,2020-02-10 03:55:00+00:00
2020-03-09 16:23:00+00:00,2020-03-09 16:29:00+00:00,XAUUSD,Buy,0.13,1925.5,0.0,1923.81,1925.5,169.0,21.38,00:00:06:00,1.06,1038,1105184,2020-03-09 16:20:00+00:00,2020-03-09 16:20:00+00:00
2020-04-03 06:18:00+00:00,2020-04-03 06:40:00+00:00,XAUUSD,Buy,0.08,1635.7,0.0,1633.96,1635.7,174.0,13.56,00:00:22:00,1.16,1092,1110307,2020-04-03 06:15:00+00:00,2020-04-03 06:15:00+00:00
2020-04-03 12:40:00+00:00,2020-04-03 13:07:00+00:00,XAUUSD,Buy,0.08,1641.3,0.0,1637.54,1641.3,376.0,29.72,00:00:27:00,2.5,1091,1110384,2020-04-03 12:40:00+00:00,2020-04-03 12:40:00+00:00
2020-04-11 01:25:00+00:00,2020-04-11 01:28:00+00:00,XAUUSD,Buy,0.15,1895.4,0.0,1892.29,1895.4,311.0,45.97,00:00:03:00,2.04,1023,1111587,2020-04-09 20:55:00+00:00,2020-04-09 20:55:00+00:00
2020-04-11 14:54:00+00:00,2020-04-11 15:07:00+00:00,XAUUSD,Buy,0.15,1900.3,0.0,1900.71,1900.3,-41.0,-6.83,00:00:13:00,-0.3,1022,1111587,2020-04-09 20:55:00+00:00,2020-04-09 20:55:00+00:00
2020-05-02 07:41:00+00:00,2020-05-02 07:54:00+00:00,XAUUSD,Buy,0.07,1555.9,0.0,1553.54,1555.9,236.0,16.2,00:00:13:00,1.51,1100,1115403,2020-05-01 20:55:00+00:00,2020-05-01 20:55:00+00:00
2020-05-08 00:37:00+00:00,2020-05-08 00:37:00+00:00,XAUUSD,Buy,0.11,2013.29,0.0,2014.8,2013.29,-151.0,-17.11,00:00:00:00,-1.06,1056,1116539,2020-05-08 00:35:00+00:00,2020-05-08 00:35:00+00:00
2020-05-08 15:02:00+00:00,2020-05-08 15:11:00+00:00,XAUUSD,Buy,0.11,2048.0,0.0,2043.51,2048.0,449.0,48.89,00:00:09:00,3.06,1055,1116712,2020-05-08 15:00:00+00:00,2020-05-08 15:00:00+00:00
2020-06-03 12:35:00+00:00,2020-06-03 12:38:00+00:00,XAUUSD,Buy,0.08,1674.2,0.0,1671.83,1674.2,237.0,18.6,00:00:03:00,1.53,1090,1121603,2020-06-03 12:35:00+00:00,2020-06-03 12:35:00+00:00
2020-06-03 14:28:00+00:00,2020-06-03 14:30:00+00:00,XAUUSD,Buy,0.08,1652.5,0.0,1643.76,1652.5,874.0,69.56,00:00:02:00,5.63,1089,1121625,2020-06-03 14:25:00+00:00,2020-06-03 14:25:00+00:00
2020-07-01 01:11:00+00:00,2020-07-01 01:56:00+00:00,XAUUSD,Buy,0.07,1558.7,0.0,1557.04,1558.7,166.0,11.3,00:00:45:00,1.13,1105,1126950,2020-07-01 01:10:00+00:00,2020-07-01 01:10:00+00:00
2020-07-08 14:04:00+00:00,2020-07-08 14:06:00+00:00,XAUUSD,Buy,0.11,2033.59,0.0,2035.1,2033.59,-151.0,-17.11,00:00:02:00,-1.04,1054,1128412,2020-07-08 14:00:00+00:00,2020-07-08 14:00:00+00:00
2020-08-01 15:45:00+00:00,2020-08-01 15:48:00+00:00,XAUUSD,Buy,0.07,1556.6,0.0,1554.86,1556.6,174.0,11.86,00:00:03:00,1.17,1104,1133187,2020-07-31 20:55:00+00:00,2020-07-31 20:55:00+00:00
2020-08-04 14:10:00+00:00,2020-08-04 14:18:00+00:00,XAUUSD,Buy,0.09,1648.3,0.0,1647.34,1648.3,96.0,8.23,00:00:08:00,0.59,1075,1133658,2020-08-04 14:10:00+00:00,2020-08-04 14:10:00+00:00
2020-08-09 10:14:00+00:00,2020-08-09 10:27:00+00:00,XAUUSD,Buy,0.14,1916.4,0.0,1911.91,1916.4,449.0,62.23,00:00:13:00,3.07,1037,1134567,2020-08-07 20:55:00+00:00,2020-08-07 20:55:00+00:00
2020-08-12 14:03:00+00:00,2020-08-12 14:16:00+00:00,XAUUSD,Buy,0.16,1868.8,0.0,1863.61,1868.8,519.0,82.32,00:00:13:00,3.49,1014,1135300,2020-08-12 14:00:00+00:00,2020-08-12 14:00:00+00:00
2020-09-04 14:23:00+00:00,2020-09-04 14:24:00+00:00,XAUUSD,Buy,0.09,1671.03,0.0,1672.53,1671.03,-150.0,-13.91,00:00:01:00,-0.99,1074,1139984,2020-09-04 14:20:00+00:00,2020-09-04 14:20:00+00:00
2020-09-07 15:05:00+00:00,2020-09-07 15:06:00+00:00,XAUUSD,Buy,0.1,1797.02,0.0,1798.52,1797.02,-150.0,-15.45,00:00:01:00,-1.02,1062,1140269,2020-09-07 15:05:00+00:00,2020-09-07 15:05:00+00:00
2020-09-09 11:00:00+00:00,2020-09-09 11:15:00+00:00,XAUUSD,Buy,0.14,1920.21,0.0,1921.71,1920.21,-150.0,-21.63,00:00:15:00,-1.03,1036,1140724,2020-09-09 11:00:00+00:00,2020-09-09 11:00:00+00:00
2020-09-11 12:39:00+00:00,2020-09-11 12:40:00+00:00,XAUUSD,Buy,0.15,1876.79,0.0,1878.29,1876.79,-150.0,-23.18,00:00:01:00,-1.01,1021,1141295,2020-09-11 12:35:00+00:00,2020-09-11 12:35:00+00:00
2020-09-11 13:48:00+00:00,2020-09-11 13:52:00+00:00,XAUUSD,Buy,0.15,1870.2,0.0,1869.21,1870.2,99.0,14.17,00:00:04:00,0.62,1020,1141309,2020-09-11 13:45:00+00:00,2020-09-11 13:45:00+00:00
2020-09-12 03:13:00+00:00,2020-09-12 04:35:00+00:00,XAUUSD,Buy,0.16,1859.7,0.0,1856.61,1859.7,309.0,48.72,00:01:22:00,2.0,1013,1141395,2020-09-11 20:55:00+00:00,2020-09-11 20:55:00+00:00
2020-10-11 08:55:00+00:00,2020-10-11 09:02:00+00:00,XAUUSD,Buy,0.15,1877.2,0.0,1875.51,1877.2,169.0,24.67,00:00:07:00,1.08,1019,1146915,2020-10-09 20:55:00+00:00,2020-10-09 20:55:00+00:00
2020-11-02 05:42:00+00:00,2020-11-02 08:00:00+00:00,XAUUSD,Buy,0.07,1567.8,0.0,1567.54,1567.8,26.0,1.5,00:02:18:00,0.14,1099,1151136,2020-11-02 05:40:00+00:00,2020-11-02 05:40:00+00:00
2020-11-02 15:50:00+00:00,2020-11-02 17:17:00+00:00,XAUUSD,Buy,0.07,1566.4,0.0,1563.34,1566.4,306.0,21.1,00:01:27:00,1.94,1098,1151258,2020-11-02 15:50:00+00:00,2020-11-02 15:50:00+00:00
2020-11-05 15:18:00+00:00,2020-11-05 15:20:00+00:00,XAUUSD,Buy,0.09,1696.93,0.0,1698.43,1696.93,-150.0,-13.91,00:00:02:00,-0.98,1066,1152079,2020-11-05 15:15:00+00:00,2020-11-05 15:15:00+00:00
2020-11-08 06:46:00+00:00,2020-11-08 06:54:00+00:00,XAUUSD,Buy,0.11,2009.5,0.0,2007.1,2009.5,240.0,25.9,00:00:08:00,1.59,1053,1152435,2020-11-06 21:55:00+00:00,2020-11-06 21:55:00+00:00
2020-11-08 12:19:00+00:00,2020-11-08 12:24:00+00:00,XAUUSD,Buy,0.11,1980.8,0.0,1978.41,1980.8,239.0,25.79,00:00:05:00,1.56,1052,1152435,2020-11-06 21:55:00+00:00,2020-11-06 21:55:00+00:00
2020-11-08 15:03:00+00:00,2020-11-08 15:14:00+00:00,XAUUSD,Buy,0.11,1950.0,0.0,1940.61,1950.0,939.0,102.79,00:00:11:00,6.12,1051,1152435,2020-11-06 21:55:00+00:00,2020-11-06 21:55:00+00:00
2020-11-08 16:30:00+00:00,2020-11-08 16:39:00+00:00,XAUUSD,Buy,0.12,1944.4,0.0,1943.41,1944.4,99.0,11.34,00:00:09:00,0.64,1050,1152435,2020-11-06 21:55:00+00:00,2020-11-06 21:55:00+00:00
2020-11-11 13:45:00+00:00,2020-11-11 13:54:00+00:00,XAUUSD,Buy,0.15,1862.11,0.0,1863.61,1862.11,-150.0,-23.18,00:00:09:00,-1.0,1018,1153165,2020-11-11 13:45:00+00:00,2020-11-11 13:45:00+00:00
2020-12-03 13:38:00+00:00,2020-12-03 13:40:00+00:00,XAUUSD,Buy,0.09,1591.6,0.0,1589.16,1591.6,244.0,21.55,00:00:02:00,1.65,1088,1157492,2020-12-03 13:35:00+00:00,2020-12-03 13:35:00+00:00
2020-12-03 14:16:00+00:00,2020-12-03 14:16:00+00:00,XAUUSD,Buy,0.09,1579.26,0.0,1580.76,1579.26,-150.0,-13.91,00:00:00:00,-1.05,1087,1157500,2020-12-03 14:15:00+00:00,2020-12-03 14:15:00+00:00
2020-12-03 18:30:00+00:00,2020-12-03 18:31:00+00:00,XAUUSD,Buy,0.09,1577.16,0.0,1578.66,1577.16,-150.0,-13.91,00:00:01:00,-1.06,1086,1157551,2020-12-03 18:30:00+00:00,2020-12-03 18:30:00+00:00
2020-12-08 00:19:00+00:00,2020-12-08 00:19:00+00:00,XAUUSD,Buy,0.12,1914.59,0.0,1916.09,1914.59,-150.0,-18.54,00:00:00:00,-1.03,1049,1158160,2020-12-08 00:15:00+00:00,2020-12-08 00:15:00+00:00
2020-12-08 00:58:00+00:00,2020-12-08 01:07:00+00:00,XAUUSD,Buy,0.12,1917.1,0.0,1907.01,1917.1,1009.0,120.54,00:00:09:00,6.79,1048,1158168,2020-12-08 00:55:00+00:00,2020-12-08 00:55:00+00:00
2020-12-08 03:54:00+00:00,2020-12-08 03:56:00+00:00,XAUUSD,Buy,0.13,1887.7,0.0,1886.71,1887.7,99.0,12.28,00:00:02:00,0.65,1047,1158203,2020-12-08 03:50:00+00:00,2020-12-08 03:50:00+00:00
2021-01-06 09:39:00+00:00,2021-01-06 10:30:00+00:00,XAUUSD,Buy,0.2,1910.1,0.0,1906.31,1910.1,379.0,74.9,00:00:51:00,2.51,975,1163477,2021-01-06 09:35:00+00:00,2021-01-06 09:35:00+00:00
2021-03-06 07:27:00+00:00,2021-03-06 07:31:00+00:00,XAUUSD,Buy,0.2,1897.11,0.0,1898.61,1897.11,-150.0,-30.9,00:00:04:00,-1.01,974,1175121,2021-03-05 21:55:00+00:00,2021-03-05 21:55:00+00:00
2021-03-06 07:51:00+00:00,2021-03-06 08:14:00+00:00,XAUUSD,Buy,0.2,1897.5,0.0,1895.81,1897.5,169.0,32.9,00:00:23:00,1.09,973,1175121,2021-03-05 21:55:00+00:00,2021-03-05 21:55:00+00:00
2021-04-01 14:18:00+00:00,2021-04-01 14:29:00+00:00,XAUUSD,Buy,0.17,1935.3,0.0,1931.49,1935.3,381.0,64.0,00:00:11:00,2.52,1009,1176673,2021-04-01 14:15:00+00:00,2021-04-01 14:15:00+00:00
2021-04-02 00:48:00+00:00,2021-04-02 00:52:00+00:00,XAUUSD,Buy,0.18,1825.02,0.0,1826.52,1825.02,-150.0,-27.81,00:00:04:00,-1.03,997,1176753,2021-04-01 20:55:00+00:00,2021-04-01 20:55:00+00:00
2021-04-02 13:04:00+00:00,2021-04-02 13:07:00+00:00,XAUUSD,Buy,0.18,1799.08,0.0,1800.58,1799.08,-150.0,-27.81,00:00:03:00,-1.04,996,1176753,2021-04-01 20:55:00+00:00,2021-04-01 20:55:00+00:00
2021-04-08 14:21:00+00:00,2021-04-08 14:25:00+00:00,XAUUSD,Buy,0.22,1810.98,0.0,1812.48,1810.98,-150.0,-33.99,00:00:04:00,-1.02,964,1177778,2021-04-08 14:20:00+00:00,2021-04-08 14:20:00+00:00
2021-05-02 13:07:00+00:00,2021-05-02 13:15:00+00:00,XAUUSD,Buy,0.18,1798.8,0.0,1797.12,1798.8,168.0,29.43,00:00:08:00,1.12,995,1182273,2021-04-30 20:55:00+00:00,2021-04-30 20:55:00+00:00
2021-06-01 11:00:00+00:00,2021-06-01 11:04:00+00:00,XAUUSD,Buy,0.17,1947.9,0.0,1945.49,1947.9,241.0,40.2,00:00:04:00,1.54,1008,1188154,2021-06-01 11:00:00+00:00,2021-06-01 11:00:00+00:00
2021-06-08 12:46:00+00:00,2021-06-08 12:46:00+00:00,XAUUSD,Buy,0.22,1778.12,0.0,1779.62,1778.12,-150.0,-33.99,00:00:00:00,-1.03,963,1189555,2021-06-08 12:45:00+00:00,2021-06-08 12:45:00+00:00
2021-07-01 13:44:00+00:00,2021-07-01 13:52:00+00:00,XAUUSD,Buy,0.18,1912.9,0.0,1908.39,1912.9,451.0,80.37,00:00:08:00,3.04,1007,1194234,2021-07-01 13:40:00+00:00,2021-07-01 13:40:00+00:00
2021-07-05 13:07:00+00:00,2021-07-05 13:09:00+00:00,XAUUSD,Buy,0.18,1829.18,0.0,1830.68,1829.18,-150.0,-27.81,00:00:02:00,-1.0,980,1194779,2021-07-05 13:05:00+00:00,2021-07-05 13:05:00+00:00
2021-07-05 14:51:00+00:00,2021-07-05 15:24:00+00:00,XAUUSD,Buy,0.18,1834.5,0.0,1829.32,1834.5,518.0,92.43,00:00:33:00,3.37,979,1194800,2021-07-05 14:50:00+00:00,2021-07-05 14:50:00+00:00
2021-07-09 09:52:00+00:00,2021-07-09 10:52:00+00:00,XAUUSD,Buy,0.22,1809.62,0.0,1811.12,1809.62,-150.0,-33.99,00:01:00:00,-1.05,958,1195796,2021-07-09 09:50:00+00:00,2021-07-09 09:50:00+00:00
2021-08-01 07:09:00+00:00,2021-08-01 07:11:00+00:00,XAUUSD,Buy,0.18,1885.19,0.0,1886.69,1885.19,-150.0,-27.81,00:00:02:00,-1.02,1006,1200069,2021-07-30 20:55:00+00:00,2021-07-30 20:55:00+00:00
2021-08-01 13:45:00+00:00,2021-08-01 13:46:00+00:00,XAUUSD,Buy,0.18,1866.99,0.0,1868.49,1866.99,-150.0,-27.81,00:00:01:00,-1.03,1005,1200069,2021-07-30 20:55:00+00:00,2021-07-30 20:55:00+00:00
2021-08-01 15:16:00+00:00,2021-08-01 15:19:00+00:00,XAUUSD,Buy,0.18,1859.7,0.0,1853.81,1859.7,589.0,105.21,00:00:03:00,3.94,1004,1200069,2021-07-30 20:55:00+00:00,2021-07-30 20:55:00+00:00
2021-08-03 06:39:00+00:00,2021-08-03 07:22:00+00:00,XAUUSD,Buy,0.18,1700.1,0.0,1698.38,1700.1,172.0,30.15,00:00:43:00,1.09,990,1200449,2021-08-03 06:35:00+00:00,2021-08-03 06:35:00+00:00
2021-08-09 13:48:00+00:00,2021-08-09 13:49:00+00:00,XAUUSD,Buy,0.21,1783.68,0.0,1785.18,1783.68,-150.0,-32.45,00:00:01:00,-1.01,957,1201639,2021-08-09 13:45:00+00:00,2021-08-09 13:45:00+00:00
2021-08-09 13:50:00+00:00,2021-08-09 13:56:00+00:00,XAUUSD,Buy,0.21,1786.9,0.0,1783.82,1786.9,308.0,63.73,00:00:06:00,2.0,956,1201640,2021-08-09 13:50:00+00:00,2021-08-09 13:50:00+00:00
2021-08-10 14:15:00+00:00,2021-08-10 14:20:00+00:00,XAUUSD,Buy,0.24,1762.72,0.0,1764.22,1762.72,-150.0,-37.08,00:00:05:00,-1.01,947,1201921,2021-08-10 14:15:00+00:00,2021-08-10 14:15:00+00:00
2021-09-04 12:50:00+00:00,2021-09-04 13:00:00+00:00,XAUUSD,Buy,0.19,1737.2,0.0,1736.93,1737.2,27.0,4.27,00:00:10:00,0.15,983,1206945,2021-09-03 20:55:00+00:00,2021-09-03 20:55:00+00:00
2021-09-07 22:53:00+00:00,2021-09-07 22:55:00+00:00,XAUUSD,Buy,0.22,1721.8,0.0,1719.37,1721.8,243.0,52.47,00:00:02:00,1.61,962,1207460,2021-09-07 22:50:00+00:00,2021-09-07 22:50:00+00:00
2021-09-12 11:34:00+00:00,2021-09-12 12:00:00+00:00,XAUUSD,Buy,0.26,1775.32,0.0,1776.82,1775.32,-150.0,-40.17,00:00:26:00,-1.02,939,1208277,2021-09-10 20:55:00+00:00,2021-09-10 20:55:00+00:00
2021-10-09 10:48:00+00:00,2021-10-09 12:21:00+00:00,XAUUSD,Buy,0.22,1797.4,0.0,1793.62,1797.4,378.0,82.17,00:01:33:00,2.53,955,1213797,2021-10-08 20:55:00+00:00,2021-10-08 20:55:00+00:00
2021-11-05 14:01:00+00:00,2021-11-05 14:08:00+00:00,XAUUSD,Buy,0.19,1827.5,0.0,1826.52,1827.5,98.0,17.76,00:00:07:00,0.63,978,1219234,2021-11-05 14:00:00+00:00,2021-11-05 14:00:00+00:00
2021-11-06 10:28:00+00:00,2021-11-06 11:40:00+00:00,XAUUSD,Buy,0.2,1893.3,0.0,1890.89,1893.3,241.0,47.3,00:01:12:00,1.54,972,1219317,2021-11-05 20:55:00+00:00,2021-11-05 20:55:00+00:00
2021-12-01 13:27:00+00:00,2021-12-01 13:34:00+00:00,XAUUSD,Buy,0.19,1848.12,0.0,1849.62,1848.12,-150.0,-29.36,00:00:07:00,-1.06,1003,1224093,2021-12-01 13:25:00+00:00,2021-12-01 13:25:00+00:00
2021-12-03 03:18:00+00:00,2021-12-03 05:34:00+00:00,XAUUSD,Buy,0.19,1719.0,0.0,1717.33,1719.0,167.0,30.87,00:02:16:00,1.1,989,1224523,2021-12-03 03:15:00+00:00,2021-12-03 03:15:00+00:00
2021-12-07 15:00:00+00:00,2021-12-07 15:49:00+00:00,XAUUSD,Buy,0.2,1805.8,0.0,1792.92,1805.8,1288.0,256.7,00:00:49:00,8.43,969,1225216,2021-12-07 15:00:00+00:00,2021-12-07 15:00:00+00:00
2022-01-04 15:34:00+00:00,2022-01-04 15:55:00+00:00,XAUUSD,Buy,0.3,1926.2,0.0,1920.99,1926.2,521.0,154.95,00:00:21:00,3.48,906,1230382,2022-01-04 15:30:00+00:00,2022-01-04 15:30:00+00:00
2022-02-03 01:17:00+00:00,2022-02-03 02:10:00+00:00,XAUUSD,Buy,0.26,1938.8,0.0,1932.21,1938.8,659.0,170.17,00:00:53:00,4.43,925,1236235,2022-02-03 01:15:00+00:00,2022-02-03 01:15:00+00:00
2022-02-03 15:38:00+00:00,2022-02-03 15:41:00+00:00,XAUUSD,Buy,0.27,1924.39,0.0,1925.89,1924.39,-150.0,-41.72,00:00:03:00,-1.04,924,1236407,2022-02-03 15:35:00+00:00,2022-02-03 15:35:00+00:00
2022-02-08 14:26:00+00:00,2022-02-08 14:38:00+00:00,XAUUSD,Buy,0.35,1781.3,0.0,1776.82,1781.3,448.0,155.22,00:00:12:00,2.92,870,1237221,2022-02-08 14:25:00+00:00,2022-02-08 14:25:00+00:00
2022-02-08 19:13:00+00:00,2022-02-08 19:54:00+00:00,XAUUSD,Buy,0.36,1766.22,0.0,1767.72,1766.22,-150.0,-55.62,00:00:41:00,-1.02,869,1237278,2022-02-08 19:10:00+00:00,2022-02-08 19:10:00+00:00
2022-02-11 14:52:00+00:00,2022-02-11 15:10:00+00:00,XAUUSD,Buy,0.38,1647.24,0.0,1648.74,1647.24,-150.0,-58.71,00:00:18:00,-1.04,843,1238042,2022-02-11 14:50:00+00:00,2022-02-11 14:50:00+00:00
2022-02-11 19:24:00+00:00,2022-02-11 19:24:00+00:00,XAUUSD,Buy,0.37,1637.36,0.0,1638.86,1637.36,-150.0,-57.17,00:00:00:00,-1.02,842,1238096,2022-02-11 19:20:00+00:00,2022-02-11 19:20:00+00:00
2022-02-11 19:26:00+00:00,2022-02-11 19:30:00+00:00,XAUUSD,Buy,0.37,1638.5,0.0,1637.54,1638.5,96.0,33.85,00:00:04:00,0.61,841,1238097,2022-02-11 19:25:00+00:00,2022-02-11 19:25:00+00:00
2022-03-01 13:27:00+00:00,2022-03-01 13:31:00+00:00,XAUUSD,Buy,0.26,1810.98,0.0,1812.48,1810.98,-150.0,-40.17,00:00:04:00,-1.02,936,1241307,2022-03-01 13:25:00+00:00,2022-03-01 13:25:00+00:00
2022-03-06 16:51:00+00:00,2022-03-06 17:01:00+00:00,XAUUSD,Buy,0.36,1850.91,0.0,1852.41,1850.91,-150.0,-55.62,00:00:10:00,-1.03,883,1242237,2022-03-04 21:55:00+00:00,2022-03-04 21:55:00+00:00
2022-03-06 17:22:00+00:00,2022-03-06 18:27:00+00:00,XAUUSD,Buy,0.36,1848.12,0.0,1849.62,1848.12,-150.0,-55.62,00:01:05:00,-1.04,882,1242237,2022-03-04 21:55:00+00:00,2022-03-04 21:55:00+00:00
2022-05-07 08:18:00+00:00,2022-05-07 08:51:00+00:00,XAUUSD,Buy,0.34,1801.22,0.0,1802.72,1801.22,-150.0,-52.53,00:00:33:00,-1.02,876,1254381,2022-05-06 20:55:00+00:00,2022-05-06 20:55:00+00:00
2022-05-07 14:06:00+00:00,2022-05-07 14:07:00+00:00,XAUUSD,Buy,0.34,1771.78,0.0,1773.28,1771.78,-150.0,-52.53,00:00:01:00,-1.03,875,1254381,2022-05-06 20:55:00+00:00,2022-05-06 20:55:00+00:00
2022-05-08 12:33:00+00:00,2022-05-08 12:33:00+00:00,XAUUSD,Buy,0.36,1773.88,0.0,1775.38,1773.88,-150.0,-55.62,00:00:00:00,-1.03,868,1254381,2022-05-06 20:55:00+00:00,2022-05-06 20:55:00+00:00
2022-05-10 10:23:00+00:00,2022-05-10 11:08:00+00:00,XAUUSD,Buy,0.36,1711.3,0.0,1705.37,1711.3,593.0,211.86,00:00:45:00,3.89,855,1254806,2022-05-10 10:20:00+00:00,2022-05-10 10:20:00+00:00
2022-05-10 14:04:00+00:00,2022-05-10 14:13:00+00:00,XAUUSD,Buy,0.38,1706.4,0.0,1701.23,1706.4,517.0,194.75,00:00:09:00,3.45,854,1254850,2022-05-10 14:00:00+00:00,2022-05-10 14:00:00+00:00
2022-05-12 16:36:00+00:00,2022-05-12 17:29:00+00:00,XAUUSD,Buy,0.36,1768.32,0.0,1769.82,1768.32,-150.0,-55.62,00:00:53:00,-1.03,837,1255433,2022-05-12 16:35:00+00:00,2022-05-12 16:35:00+00:00
2022-06-05 12:53:00+00:00,2022-06-05 12:53:00+00:00,XAUUSD,Buy,0.35,1876.79,0.0,1878.29,1876.79,-150.0,-54.08,00:00:00:00,-1.04,891,1259859,2022-06-03 20:55:00+00:00,2022-06-03 20:55:00+00:00
2022-06-05 12:55:00+00:00,2022-06-05 13:04:00+00:00,XAUUSD,Buy,0.34,1876.5,0.0,1876.91,1876.5,-41.0,-15.47,00:00:09:00,-0.3,890,1259859,2022-06-03 20:55:00+00:00,2022-06-03 20:55:00+00:00
2022-06-07 13:53:00+00:00,2022-06-07 14:00:00+00:00,XAUUSD,Buy,0.34,1758.9,0.0,1756.52,1758.9,238.0,79.39,00:00:07:00,1.57,874,1260326,2022-06-07 13:50:00+00:00,2022-06-07 13:50:00+00:00
2022-06-07 15:18:00+00:00,2022-06-07 15:21:00+00:00,XAUUSD,Buy,0.34,1739.3,0.0,1738.27,1739.3,103.0,33.49,00:00:03:00,0.65,873,1260343,2022-06-07 15:15:00+00:00,2022-06-07 15:15:00+00:00
2022-08-03 15:00:00+00:00,2022-08-03 15:03:00+00:00,XAUUSD,Buy,0.26,2048.7,0.0,2046.3,2048.7,240.0,61.23,00:00:03:00,1.54,923,1271488,2022-08-03 15:00:00+00:00,2022-08-03 15:00:00+00:00
2022-08-03 18:46:00+00:00,2022-08-03 18:48:00+00:00,XAUUSD,Buy,0.27,2031.2,0.0,2030.91,2031.2,29.0,6.61,00:00:02:00,0.16,922,1271533,2022-08-03 18:45:00+00:00,2022-08-03 18:45:00+00:00
2022-09-02 22:54:00+00:00,2022-09-02 23:15:00+00:00,XAUUSD,Buy,0.27,2043.8,0.0,2044.21,2043.8,-41.0,-12.29,00:00:21:00,-0.3,921,1277475,2022-09-02 20:55:00+00:00,2022-09-02 20:55:00+00:00
2022-09-03 04:53:00+00:00,2022-09-03 05:24:00+00:00,XAUUSD,Buy,0.27,2050.1,0.0,2046.31,2050.1,379.0,101.11,00:00:31:00,2.51,920,1277475,2022-09-02 20:55:00+00:00,2022-09-02 20:55:00+00:00
2022-09-03 08:05:00+00:00,2022-09-03 08:08:00+00:00,XAUUSD,Buy,0.27,2031.49,0.0,2033.0,2031.49,-151.0,-41.99,00:00:03:00,-1.02,919,1277475,2022-09-02 20:55:00+00:00,2022-09-02 20:55:00+00:00
2022-09-03 08:53:00+00:00,2022-09-03 08:55:00+00:00,XAUUSD,Buy,0.27,2016.5,0.0,2016.21,2016.5,29.0,6.61,00:00:02:00,0.16,918,1277475,2022-09-02 20:55:00+00:00,2022-09-02 20:55:00+00:00
2022-09-03 12:02:00+00:00,2022-09-03 12:03:00+00:00,XAUUSD,Buy,0.27,2001.39,0.0,2002.9,2001.39,-151.0,-41.99,00:00:01:00,-1.03,917,1277475,2022-09-02 20:55:00+00:00,2022-09-02 20:55:00+00:00
2022-09-11 18:02:00+00:00,2022-09-11 18:36:00+00:00,XAUUSD,Buy,0.37,1703.23,0.0,1704.73,1703.23,-150.0,-57.17,00:00:34:00,-1.03,840,1278825,2022-09-09 20:55:00+00:00,2022-09-09 20:55:00+00:00
2022-10-02 12:49:00+00:00,2022-10-02 12:59:00+00:00,XAUUSD,Buy,0.25,1830.3,0.0,1827.92,1830.3,238.0,58.37,00:00:10:00,1.53,933,1282965,2022-09-30 20:55:00+00:00,2022-09-30 20:55:00+00:00
2022-10-02 20:35:00+00:00,2022-11-01 23:21:00+00:00,XAUUSD,Buy,0.26,1826.38,0.0,1827.88,1826.38,-150.0,-60.76,00:01:46:00,-1.57,932,1282965,2022-09-30 20:55:00+00:00,2022-09-30 20:55:00+00:00
2022-10-03 00:01:00+00:00,2022-10-03 00:03:00+00:00,XAUUSD,Buy,0.27,1978.29,0.0,1979.8,1978.29,-151.0,-41.99,00:00:02:00,-1.04,916,1282990,2022-10-03 00:00:00+00:00,2022-10-03 00:00:00+00:00
2022-10-06 12:18:00+00:00,2022-10-06 12:30:00+00:00,XAUUSD,Buy,0.35,1831.32,0.0,1832.82,1831.32,-150.0,-54.08,00:00:12:00,-1.02,881,1283965,2022-10-06 12:15:00+00:00,2022-10-06 12:15:00+00:00
2022-10-06 13:26:00+00:00,2022-10-06 13:31:00+00:00,XAUUSD,Buy,0.35,1831.28,0.0,1832.78,1831.28,-150.0,-54.08,00:00:05:00,-1.03,880,1283979,2022-10-06 13:25:00+00:00,2022-10-06 13:25:00+00:00
2022-10-10 04:30:00+00:00,2022-10-10 05:33:00+00:00,XAUUSD,Buy,0.39,1687.5,0.0,1687.17,1687.5,33.0,11.11,00:01:03:00,0.19,853,1284424,2022-10-10 04:30:00+00:00,2022-10-10 04:30:00+00:00
2022-10-10 15:05:00+00:00,2022-10-10 15:33:00+00:00,XAUUSD,Buy,0.39,1667.2,0.0,1666.23,1667.2,97.0,36.07,00:00:28:00,0.62,852,1284551,2022-10-10 15:05:00+00:00,2022-10-10 15:05:00+00:00
2022-11-01 23:34:00+00:00,2022-11-02 00:22:00+00:00,XAUUSD,Buy,0.25,1825.02,0.0,1826.52,1825.02,-150.0,-38.63,00:00:48:00,-1.02,931,1289055,2022-11-01 23:30:00+00:00,2022-11-01 23:30:00+00:00
2022-11-03 11:26:00+00:00,2022-11-03 11:28:00+00:00,XAUUSD,Buy,0.27,1982.2,0.0,1977.7,1982.2,450.0,120.28,00:00:02:00,3.0,915,1289474,2022-11-03 11:25:00+00:00,2022-11-03 11:25:00+00:00
2022-11-03 12:11:00+00:00,2022-11-03 12:13:00+00:00,XAUUSD,Buy,0.27,1969.9,0.0,1971.41,1969.9,-151.0,-41.99,00:00:02:00,-1.02,914,1289483,2022-11-03 12:10:00+00:00,2022-11-03 12:10:00+00:00
2022-11-03 13:37:00+00:00,2022-11-03 13:42:00+00:00,XAUUSD,Buy,0.27,1966.1,0.0,1963.71,1966.1,239.0,63.31,00:00:05:00,1.55,913,1289500,2022-11-03 13:35:00+00:00,2022-11-03 13:35:00+00:00
2022-11-04 14:52:00+00:00,2022-11-04 14:53:00+00:00,XAUUSD,Buy,0.31,1953.09,0.0,1954.6,1953.09,-151.0,-48.21,00:00:01:00,-1.05,905,1289791,2022-11-04 14:50:00+00:00,2022-11-04 14:50:00+00:00
2022-11-04 14:54:00+00:00,2022-11-04 14:56:00+00:00,XAUUSD,Buy,0.3,1951.7,0.0,1953.21,1951.7,-151.0,-46.65,00:00:02:00,-1.02,904,1289791,2022-11-04 14:50:00+00:00,2022-11-04 14:50:00+00:00
2022-11-08 16:21:00+00:00,2022-11-08 17:30:00+00:00,XAUUSD,Buy,0.36,1789.7,0.0,1787.32,1789.7,238.0,84.06,00:01:09:00,1.57,867,1290349,2022-11-08 16:20:00+00:00,2022-11-08 16:20:00+00:00
2022-11-10 20:00:00+00:00,2022-11-10 20:10:00+00:00,XAUUSD,Buy,0.39,1664.67,0.0,1666.17,1664.67,-150.0,-60.26,00:00:10:00,-1.02,851,1290945,2022-11-10 20:00:00+00:00,2022-11-10 20:00:00+00:00
2022-12-05 17:02:00+00:00,2022-12-05 17:35:00+00:00,XAUUSD,Buy,0.34,1835.9,0.0,1834.22,1835.9,168.0,55.59,00:00:33:00,1.08,889,1295532,2022-12-05 17:00:00+00:00,2022-12-05 17:00:00+00:00
2022-12-05 17:59:00+00:00,2022-12-05 17:59:00+00:00,XAUUSD,Buy,0.35,1824.28,0.0,1825.78,1824.28,-150.0,-54.08,00:00:00:00,-1.04,888,1295543,2022-12-05 17:55:00+00:00,2022-12-05 17:55:00+00:00
2022-12-05 18:05:00+00:00,2022-12-05 18:34:00+00:00,XAUUSD,Buy,0.34,1824.0,0.0,1824.42,1824.0,-42.0,-15.81,00:00:29:00,-0.31,887,1295545,2022-12-05 18:05:00+00:00,2022-12-05 18:05:00+00:00
2022-12-12 03:03:00+00:00,2022-12-12 04:42:00+00:00,XAUUSD,Buy,0.36,1786.52,0.0,1788.02,1786.52,-150.0,-55.62,00:01:39:00,-1.04,836,1296732,2022-12-12 03:00:00+00:00,2022-12-12 03:00:00+00:00
2023-01-05 03:18:00+00:00,2023-01-05 05:33:00+00:00,XAUUSD,Buy,0.5,1984.3,0.0,1981.91,1984.3,239.0,117.25,00:02:15:00,1.56,795,1301127,2023-01-05 03:15:00+00:00,2023-01-05 03:15:00+00:00
2023-01-05 15:03:00+00:00,2023-01-05 15:07:00+00:00,XAUUSD,Buy,0.51,1988.09,0.0,1989.6,1988.09,-151.0,-79.31,00:00:04:00,-1.04,794,1301268,2023-01-05 15:00:00+00:00,2023-01-05 15:00:00+00:00
2023-01-06 09:17:00+00:00,2023-01-06 09:37:00+00:00,XAUUSD,Buy,0.47,1953.8,0.0,1955.31,1953.8,-151.0,-73.09,00:00:20:00,-1.03,787,1301475,2023-01-06 09:15:00+00:00,2023-01-06 09:15:00+00:00
2023-01-09 14:53:00+00:00,2023-01-09 15:00:00+00:00,XAUUSD,Buy,0.47,1942.3,0.0,1941.31,1942.3,99.0,44.41,00:00:07:00,0.62,768,1301818,2023-01-09 14:50:00+00:00,2023-01-09 14:50:00+00:00
2023-01-11 16:02:00+00:00,2023-01-11 16:17:00+00:00,XAUUSD,Buy,0.5,1978.0,0.0,1978.41,1978.0,-41.0,-22.75,00:00:15:00,-0.3,760,1302384,2023-01-11 16:00:00+00:00,2023-01-11 16:00:00+00:00
2023-01-11 18:45:00+00:00,2023-01-11 18:46:00+00:00,XAUUSD,Buy,0.5,1970.6,0.0,1972.11,1970.6,-151.0,-77.75,00:00:01:00,-1.03,759,1302417,2023-01-11 18:45:00+00:00,2023-01-11 18:45:00+00:00
2023-01-12 12:07:00+00:00,2023-01-12 12:48:00+00:00,XAUUSD,Buy,0.52,2035.7,0.0,2037.21,2035.7,-151.0,-80.86,00:00:41:00,-1.04,755,1302613,2023-01-12 12:05:00+00:00,2023-01-12 12:05:00+00:00
2023-02-02 14:51:00+00:00,2023-02-02 14:52:00+00:00,XAUUSD,Buy,0.42,1929.99,0.0,1931.49,1929.99,-150.0,-64.89,00:00:01:00,-1.03,821,1306582,2023-02-02 14:50:00+00:00,2023-02-02 14:50:00+00:00
2023-02-06 14:51:00+00:00,2023-02-06 15:05:00+00:00,XAUUSD,Buy,0.47,1964.7,0.0,1963.01,1964.7,169.0,77.31,00:00:14:00,1.1,786,1307134,2023-02-06 14:50:00+00:00,2023-02-06 14:50:00+00:00
2023-02-08 15:29:00+00:00,2023-02-08 15:45:00+00:00,XAUUSD,Buy,0.49,1934.89,0.0,1936.39,1934.89,-150.0,-75.71,00:00:16:00,-1.02,773,1307693,2023-02-08 15:25:00+00:00,2023-02-08 15:25:00+00:00
2023-03-01 15:19:00+00:00,2023-03-01 15:21:00+00:00,XAUUSD,Buy,0.37,1836.92,0.0,1838.42,1836.92,-150.0,-57.17,00:00:02:00,-1.02,831,1311801,2023-03-01 15:15:00+00:00,2023-03-01 15:15:00+00:00
2023-03-02 15:10:00+00:00,2023-03-02 15:19:00+00:00,XAUUSD,Buy,0.42,1877.9,0.0,1870.61,1877.9,729.0,304.29,00:00:09:00,4.88,820,1312076,2023-03-02 15:10:00+00:00,2023-03-02 15:10:00+00:00
2023-03-04 04:22:00+00:00,2023-03-04 06:32:00+00:00,XAUUSD,Buy,0.47,1952.1,0.0,1951.8,1952.1,30.0,11.98,00:02:10:00,0.17,806,1312433,2023-03-03 21:55:00+00:00,2023-03-03 21:55:00+00:00
2023-03-10 00:23:00+00:00,2023-03-10 01:00:00+00:00,XAUUSD,Buy,0.47,1824.7,0.0,1820.92,1824.7,378.0,175.54,00:00:37:00,2.5,764,1313552,2023-03-10 00:20:00+00:00,2023-03-10 00:20:00+00:00
2023-04-07 01:10:00+00:00,2023-04-07 01:48:00+00:00,XAUUSD,Buy,0.47,1922.7,0.0,1920.31,1922.7,239.0,110.21,00:00:38:00,1.58,777,1319055,2023-04-06 20:55:00+00:00,2023-04-06 20:55:00+00:00
2023-05-01 07:19:00+00:00,2023-05-01 07:33:00+00:00,XAUUSD,Buy,0.37,1847.1,0.0,1845.42,1847.1,168.0,60.49,00:00:14:00,1.09,830,1323259,2023-05-01 07:15:00+00:00,2023-05-01 07:15:00+00:00
2023-05-01 13:03:00+00:00,2023-05-01 13:18:00+00:00,XAUUSD,Buy,0.37,1835.2,0.0,1833.52,1835.2,168.0,60.49,00:00:15:00,1.08,829,1323328,2023-05-01 13:00:00+00:00,2023-05-01 13:00:00+00:00
2023-05-10 12:42:00+00:00,2023-05-10 12:47:00+00:00,XAUUSD,Buy,0.48,1815.6,0.0,1813.92,1815.6,168.0,78.48,00:00:05:00,1.09,763,1324980,2023-05-10 12:40:00+00:00,2023-05-10 12:40:00+00:00
2023-06-04 01:36:00+00:00,2023-06-04 01:59:00+00:00,XAUUSD,Buy,0.47,2013.0,0.0,2013.41,2013.0,-41.0,-21.39,00:00:23:00,-0.3,805,1329693,2023-06-02 20:55:00+00:00,2023-06-02 20:55:00+00:00
2023-06-04 13:49:00+00:00,2023-06-04 13:54:00+00:00,XAUUSD,Buy,0.47,2006.7,0.0,2005.01,2006.7,169.0,77.31,00:00:05:00,1.1,804,1329693,2023-06-02 20:55:00+00:00,2023-06-02 20:55:00+00:00
2023-06-07 12:24:00+00:00,2023-06-07 12:25:00+00:00,XAUUSD,Buy,0.47,1908.29,0.0,1909.79,1908.29,-150.0,-72.62,00:00:01:00,-1.02,776,1330418,2023-06-07 12:20:00+00:00,2023-06-07 12:20:00+00:00
2023-06-07 12:26:00+00:00,2023-06-07 12:30:00+00:00,XAUUSD,Buy,0.47,1909.4,0.0,1908.41,1909.4,99.0,44.41,00:00:04:00,0.63,775,1330419,2023-06-07 12:25:00+00:00,2023-06-07 12:25:00+00:00
2023-06-11 02:45:00+00:00,2023-06-11 04:31:00+00:00,XAUUSD,Buy,0.5,1982.5,0.0,1984.01,1982.5,-151.0,-77.75,00:01:46:00,-1.04,758,1331073,2023-06-09 20:55:00+00:00,2023-06-09 20:55:00+00:00
2023-07-06 14:39:00+00:00,2023-07-06 15:01:00+00:00,XAUUSD,Buy,0.47,1957.0,0.0,1957.41,1957.0,-41.0,-21.39,00:00:22:00,-0.3,785,1336181,2023-07-06 14:35:00+00:00,2023-07-06 14:35:00+00:00
2023-07-06 15:59:00+00:00,2023-07-06 16:02:00+00:00,XAUUSD,Buy,0.47,1946.19,0.0,1947.69,1946.19,-150.0,-72.62,00:00:03:00,-1.02,784,1336197,2023-07-06 15:55:00+00:00,2023-07-06 15:55:00+00:00
2023-07-08 05:14:00+00:00,2023-07-08 05:50:00+00:00,XAUUSD,Buy,0.49,1936.31,0.0,1937.81,1936.31,-150.0,-75.71,00:00:36:00,-1.03,772,1336533,2023-07-07 20:55:00+00:00,2023-07-07 20:55:00+00:00
2023-07-11 12:18:00+00:00,2023-07-11 13:03:00+00:00,XAUUSD,Buy,0.49,1966.8,0.0,1958.11,1966.8,869.0,423.6,00:00:45:00,5.75,757,1336849,2023-07-11 12:15:00+00:00,2023-07-11 12:15:00+00:00
2023-09-06 12:57:00+00:00,2023-09-06 13:31:00+00:00,XAUUSD,Buy,0.47,1962.2,0.0,1963.71,1962.2,-151.0,-73.09,00:00:34:00,-1.04,783,1347771,2023-09-06 12:55:00+00:00,2023-09-06 12:55:00+00:00
2023-10-04 12:58:00+00:00,2023-10-04 13:00:00+00:00,XAUUSD,Buy,0.48,1988.8,0.0,1990.31,1988.8,-151.0,-74.64,00:00:02:00,-1.05,803,1353277,2023-10-04 12:55:00+00:00,2023-10-04 12:55:00+00:00
2023-10-05 13:11:00+00:00,2023-10-05 13:15:00+00:00,XAUUSD,Buy,0.5,2037.1,0.0,2038.61,2037.1,-151.0,-77.75,00:00:04:00,-1.03,793,1353556,2023-10-05 13:10:00+00:00,2023-10-05 13:10:00+00:00
2023-11-01 12:28:00+00:00,2023-11-01 13:36:00+00:00,XAUUSD,Buy,0.38,1876.5,0.0,1876.91,1876.5,-41.0,-17.29,00:01:08:00,-0.31,828,1358791,2023-11-01 12:25:00+00:00,2023-11-01 12:25:00+00:00
2023-12-01 14:45:00+00:00,2023-12-01 14:46:00+00:00,XAUUSD,Buy,0.38,1884.9,0.0,1883.91,1884.9,99.0,35.91,00:00:01:00,0.64,827,1364786,2023-12-01 14:45:00+00:00,2023-12-01 14:45:00+00:00
2024-01-02 10:49:00+00:00,2024-01-02 10:56:00+00:00,XAUUSD,Buy,0.53,2032.9,0.0,2034.41,2032.9,-151.0,-82.42,00:00:07:00,-1.03,736,1370258,2024-01-02 10:45:00+00:00,2024-01-02 10:45:00+00:00
2024-01-07 14:05:00+00:00,2024-01-07 14:20:00+00:00,XAUUSD,Buy,0.63,2326.23,0.0,2327.73,2326.23,-150.0,-97.34,00:00:15:00,-1.03,673,1371220,2024-01-05 21:55:00+00:00,2024-01-05 21:55:00+00:00
2024-01-07 15:24:00+00:00,2024-01-07 15:31:00+00:00,XAUUSD,Buy,0.62,2322.4,0.0,2321.43,2322.4,97.0,57.35,00:00:07:00,0.61,672,1371220,2024-01-05 21:55:00+00:00,2024-01-05 21:55:00+00:00
2024-01-08 03:51:00+00:00,2024-01-08 03:52:00+00:00,XAUUSD,Buy,0.61,2440.34,0.0,2441.84,2440.34,-150.0,-94.25,00:00:01:00,-1.04,657,1371279,2024-01-08 03:50:00+00:00,2024-01-08 03:50:00+00:00
2024-01-08 15:09:00+00:00,2024-01-08 15:11:00+00:00,XAUUSD,Buy,0.6,2448.04,0.0,2449.54,2448.04,-150.0,-92.7,00:00:02:00,-1.03,656,1371414,2024-01-08 15:05:00+00:00,2024-01-08 15:05:00+00:00
2024-02-01 12:16:00+00:00,2024-02-01 12:20:00+00:00,XAUUSD,Buy,0.52,2065.11,0.0,2066.61,2065.11,-150.0,-80.34,00:00:04:00,-1.04,746,1376306,2024-02-01 12:15:00+00:00,2024-02-01 12:15:00+00:00
2024-02-04 15:44:00+00:00,2024-02-04 15:46:00+00:00,XAUUSD,Buy,0.56,2264.63,0.0,2266.13,2264.63,-150.0,-86.52,00:00:02:00,-1.04,728,1376698,2024-02-02 21:55:00+00:00,2024-02-02 21:55:00+00:00
2024-02-05 14:10:00+00:00,2024-02-05 14:11:00+00:00,XAUUSD,Buy,0.58,2288.43,0.0,2289.94,2288.43,-151.0,-90.19,00:00:01:00,-1.03,709,1376881,2024-02-05 14:10:00+00:00,2024-02-05 14:10:00+00:00
2024-02-05 14:13:00+00:00,2024-02-05 14:16:00+00:00,XAUUSD,Buy,0.58,2287.03,0.0,2288.53,2287.03,-150.0,-89.61,00:00:03:00,-1.03,708,1376881,2024-02-05 14:10:00+00:00,2024-02-05 14:10:00+00:00
2024-02-07 11:34:00+00:00,2024-02-07 11:53:00+00:00,XAUUSD,Buy,0.63,2324.5,0.0,2323.53,2324.5,97.0,58.27,00:00:19:00,0.62,671,1377401,2024-02-07 11:30:00+00:00,2024-02-07 11:30:00+00:00
2024-02-08 02:17:00+00:00,2024-02-08 02:32:00+00:00,XAUUSD,Buy,0.59,2441.4,0.0,2436.94,2441.4,446.0,260.48,00:00:15:00,2.93,655,1377566,2024-02-08 02:15:00+00:00,2024-02-08 02:15:00+00:00
2024-02-08 14:05:00+00:00,2024-02-08 14:10:00+00:00,XAUUSD,Buy,0.61,2465.9,0.0,2462.85,2465.9,305.0,183.3,00:00:05:00,2.0,654,1377708,2024-02-08 14:05:00+00:00,2024-02-08 14:05:00+00:00
2024-02-08 15:29:00+00:00,2024-02-08 15:30:00+00:00,XAUUSD,Buy,0.62,2463.45,0.0,2464.95,2463.45,-150.0,-95.79,00:00:01:00,-1.02,653,1377724,2024-02-08 15:25:00+00:00,2024-02-08 15:25:00+00:00
2024-02-10 16:08:00+00:00,2024-02-10 16:08:00+00:00,XAUUSD,Buy,0.73,2642.66,0.0,2644.16,2642.66,-150.0,-112.79,00:00:00:00,-1.03,620,1378078,2024-02-09 21:55:00+00:00,2024-02-09 21:55:00+00:00
2024-02-12 01:23:00+00:00,2024-02-12 01:48:00+00:00,XAUUSD,Buy,0.89,2638.1,0.0,2624.56,2638.1,1354.0,1201.05,00:00:25:00,9.01,592,1378107,2024-02-12 01:20:00+00:00,2024-02-12 01:20:00+00:00
2024-03-05 08:16:00+00:00,2024-03-05 08:42:00+00:00,XAUUSD,Buy,0.57,2300.7,0.0,2298.33,2300.7,237.0,132.52,00:00:26:00,1.55,707,1382574,2024-03-05 08:15:00+00:00,2024-03-05 08:15:00+00:00
2024-03-05 14:36:00+00:00,2024-03-05 14:37:00+00:00,XAUUSD,Buy,0.58,2281.1,0.0,2279.43,2281.1,167.0,94.25,00:00:01:00,1.08,705,1382650,2024-03-05 14:35:00+00:00,2024-03-05 14:35:00+00:00
2024-03-05 14:36:00+00:00,2024-03-05 14:37:00+00:00,XAUUSD,Buy,0.58,2281.1,0.0,2279.43,2281.1,167.0,94.25,00:00:01:00,1.07,706,1382650,2024-03-05 14:35:00+00:00,2024-03-05 14:35:00+00:00
2024-03-09 02:28:00+00:00,2024-03-09 03:09:00+00:00,XAUUSD,Buy,0.7,2493.9,0.0,2491.55,2493.9,235.0,161.35,00:00:41:00,1.55,635,1383566,2024-03-08 21:55:00+00:00,2024-03-08 21:55:00+00:00
2024-03-09 14:41:00+00:00,2024-03-09 14:42:00+00:00,XAUUSD,Buy,0.71,2480.95,0.0,2482.45,2480.95,-150.0,-109.7,00:00:01:00,-1.03,634,1383566,2024-03-08 21:55:00+00:00,2024-03-08 21:55:00+00:00
2024-03-12 15:05:00+00:00,2024-03-12 15:08:00+00:00,XAUUSD,Buy,0.97,2639.16,0.0,2640.66,2639.16,-150.0,-149.87,00:00:03:00,-1.03,591,1384048,2024-03-12 15:05:00+00:00,2024-03-12 15:05:00+00:00
2024-04-04 12:09:00+00:00,2024-04-04 12:15:00+00:00,XAUUSD,Buy,0.55,2284.23,0.0,2285.73,2284.23,-150.0,-84.98,00:00:06:00,-1.03,727,1388428,2024-04-04 12:05:00+00:00,2024-04-04 12:05:00+00:00
2024-04-06 13:46:00+00:00,2024-04-06 13:50:00+00:00,XAUUSD,Buy,0.61,2326.23,0.0,2327.73,2326.23,-150.0,-94.25,00:00:04:00,-1.03,688,1388810,2024-04-05 20:55:00+00:00,2024-04-05 20:55:00+00:00
2024-04-09 09:00:00+00:00,2024-04-09 09:12:00+00:00,XAUUSD,Buy,0.7,2474.3,0.0,2473.35,2474.3,95.0,63.35,00:00:12:00,0.6,633,1389219,2024-04-09 09:00:00+00:00,2024-04-09 09:00:00+00:00
2024-04-10 15:31:00+00:00,2024-04-10 15:31:00+00:00,XAUUSD,Buy,0.72,2655.51,0.0,2657.01,2655.51,-150.0,-111.24,00:00:00:00,-1.03,619,1389573,2024-04-10 15:30:00+00:00,2024-04-10 15:30:00+00:00
2024-04-12 07:10:00+00:00,2024-04-12 07:21:00+00:00,XAUUSD,Buy,0.96,2639.16,0.0,2640.66,2639.16,-150.0,-148.32,00:00:11:00,-1.03,590,1390025,2024-04-12 07:10:00+00:00,2024-04-12 07:10:00+00:00
2024-05-01 16:10:00+00:00,2024-05-01 16:24:00+00:00,XAUUSD,Buy,0.51,2043.8,0.0,2042.8,2043.8,100.0,48.7,00:00:14:00,0.64,745,1390385,2024-05-01 16:10:00+00:00,2024-05-01 16:10:00+00:00
2024-05-04 01:18:00+00:00,2024-05-04 01:21:00+00:00,XAUUSD,Buy,0.55,2272.7,0.0,2273.13,2272.7,-43.0,-26.13,00:00:03:00,-0.32,726,1390994,2024-05-03 20:55:00+00:00,2024-05-03 20:55:00+00:00
2024-05-08 00:10:00+00:00,2024-05-08 00:13:00+00:00,XAUUSD,Buy,0.62,2433.0,0.0,2431.34,2433.0,166.0,100.13,00:00:03:00,1.08,652,1391573,2024-05-08 00:10:00+00:00,2024-05-08 00:10:00+00:00
2024-05-08 07:45:00+00:00,2024-05-08 07:46:00+00:00,XAUUSD,Buy,0.62,2434.74,0.0,2436.24,2434.74,-150.0,-95.79,00:00:01:00,-1.02,651,1391664,2024-05-08 07:45:00+00:00,2024-05-08 07:45:00+00:00
2024-05-08 11:01:00+00:00,2024-05-08 11:02:00+00:00,XAUUSD,Buy,0.62,2405.0,0.0,2404.74,2405.0,26.0,13.33,00:00:01:00,0.14,650,1391703,2024-05-08 11:00:00+00:00,2024-05-08 11:00:00+00:00
2024-05-08 13:23:00+00:00,2024-05-08 13:25:00+00:00,XAUUSD,Buy,0.62,2384.7,0.0,2385.14,2384.7,-44.0,-30.07,00:00:02:00,-0.32,649,1391731,2024-05-08 13:20:00+00:00,2024-05-08 13:20:00+00:00
2024-05-09 13:07:00+00:00,2024-05-09 13:10:00+00:00,XAUUSD,Buy,0.7,2513.15,0.0,2514.65,2513.15,-150.0,-108.15,00:00:03:00,-1.02,632,1392004,2024-05-09 13:05:00+00:00,2024-05-09 13:05:00+00:00
2024-05-11 14:13:00+00:00,2024-05-11 14:16:00+00:00,XAUUSD,Buy,0.8,2735.77,0.0,2737.27,2735.77,-150.0,-123.6,00:00:03:00,-1.02,609,1392374,2024-05-10 20:55:00+00:00,2024-05-10 20:55:00+00:00
2024-06-08 14:26:00+00:00,2024-06-08 14:28:00+00:00,XAUUSD,Buy,0.62,2390.7,0.0,2392.2,2390.7,-150.0,-95.79,00:00:02:00,-1.04,648,1397864,2024-06-07 20:55:00+00:00,2024-06-07 20:55:00+00:00
2024-06-09 13:37:00+00:00,2024-06-09 13:41:00+00:00,XAUUSD,Buy,0.7,2505.8,0.0,2502.75,2505.8,305.0,210.35,00:00:04:00,2.01,631,1397864,2024-06-07 20:55:00+00:00,2024-06-07 20:55:00+00:00
2024-06-11 12:17:00+00:00,2024-06-11 12:19:00+00:00,XAUUSD,Buy,0.8,2680.1,0.0,2679.87,2680.1,23.0,14.8,00:00:02:00,0.12,608,1398312,2024-06-11 12:15:00+00:00,2024-06-11 12:15:00+00:00
2024-06-11 12:34:00+00:00,2024-06-11 12:36:00+00:00,XAUUSD,Buy,0.8,2666.8,0.0,2665.87,2666.8,93.0,70.8,00:00:02:00,0.59,607,1398315,2024-06-11 12:30:00+00:00,2024-06-11 12:30:00+00:00
2024-06-11 13:32:00+00:00,2024-06-11 13:33:00+00:00,XAUUSD,Buy,0.8,2655.51,0.0,2657.01,2655.51,-150.0,-123.6,00:00:01:00,-1.03,606,1398327,2024-06-11 13:30:00+00:00,2024-06-11 13:30:00+00:00
2024-06-11 13:36:00+00:00,2024-06-11 13:39:00+00:00,XAUUSD,Buy,0.8,2657.7,0.0,2654.67,2657.7,303.0,238.8,00:00:03:00,2.01,605,1398328,2024-06-11 13:35:00+00:00,2024-06-11 13:35:00+00:00
2024-06-12 00:11:00+00:00,2024-06-12 00:12:00+00:00,XAUUSD,Buy,0.95,2614.3,0.0,2614.06,2614.3,24.0,18.52,00:00:01:00,0.13,589,1398443,2024-06-12 00:10:00+00:00,2024-06-12 00:10:00+00:00
2024-07-06 08:05:00+00:00,2024-07-06 08:06:00+00:00,XAUUSD,Buy,0.6,2360.9,0.0,2359.94,2360.9,96.0,54.9,00:00:01:00,0.61,687,1403132,2024-07-05 20:55:00+00:00,2024-07-05 20:55:00+00:00
2024-07-06 08:42:00+00:00,2024-07-06 08:45:00+00:00,XAUUSD,Buy,0.61,2346.2,0.0,2345.23,2346.2,97.0,56.42,00:00:03:00,0.62,686,1403132,2024-07-05 20:55:00+00:00,2024-07-05 20:55:00+00:00
2024-07-06 19:34:00+00:00,2024-07-06 19:46:00+00:00,XAUUSD,Buy,0.61,2292.63,0.0,2294.13,2292.63,-150.0,-94.25,00:00:12:00,-1.03,685,1403132,2024-07-05 20:55:00+00:00,2024-07-05 20:55:00+00:00
2024-08-02 10:36:00+00:00,2024-08-02 11:02:00+00:00,XAUUSD,Buy,0.53,2027.3,0.0,2028.81,2027.3,-151.0,-82.42,00:00:26:00,-1.04,735,1408528,2024-08-02 10:35:00+00:00,2024-08-02 10:35:00+00:00
2024-08-03 16:58:00+00:00,2024-08-03 17:00:00+00:00,XAUUSD,Buy,0.52,2183.8,0.0,2183.52,2183.8,28.0,12.22,00:00:02:00,0.16,733,1408652,2024-08-02 20:55:00+00:00,2024-08-02 20:55:00+00:00
2024-08-03 18:12:00+00:00,2024-08-03 18:53:00+00:00,XAUUSD,Buy,0.52,2176.1,0.0,2169.52,2176.1,658.0,339.82,00:00:41:00,4.37,732,1408652,2024-08-02 20:55:00+00:00,2024-08-02 20:55:00+00:00
2024-08-05 08:02:00+00:00,2024-08-05 08:06:00+00:00,XAUUSD,Buy,0.59,2304.53,0.0,2306.03,2304.53,-150.0,-91.16,00:00:04:00,-1.02,703,1408773,2024-08-05 08:00:00+00:00,2024-08-05 08:00:00+00:00
2024-08-05 08:02:00+00:00,2024-08-05 08:06:00+00:00,XAUUSD,Buy,0.59,2304.53,0.0,2306.03,2304.53,-150.0,-91.16,00:00:04:00,-1.04,704,1408773,2024-08-05 08:00:00+00:00,2024-08-05 08:00:00+00:00
2024-08-07 15:38:00+00:00,2024-08-07 15:43:00+00:00,XAUUSD,Buy,0.63,2364.74,0.0,2366.24,2364.74,-150.0,-97.34,00:00:05:00,-1.03,670,1409416,2024-08-07 15:35:00+00:00,2024-08-07 15:35:00+00:00
2024-08-07 15:49:00+00:00,2024-08-07 15:52:00+00:00,XAUUSD,Buy,0.62,2353.54,0.0,2355.04,2353.54,-150.0,-95.79,00:00:03:00,-1.02,669,1409418,2024-08-07 15:45:00+00:00,2024-08-07 15:45:00+00:00
2024-08-10 02:36:00+00:00,2024-08-10 02:38:00+00:00,XAUUSD,Buy,0.72,2634.96,0.0,2636.46,2634.96,-150.0,-111.24,00:00:02:00,-1.04,618,1410032,2024-08-09 20:55:00+00:00,2024-08-09 20:55:00+00:00
2024-09-04 12:29:00+00:00,2024-09-04 12:36:00+00:00,XAUUSD,Buy,0.54,2348.3,0.0,2347.33,2348.3,97.0,49.95,00:00:07:00,0.61,725,1414868,2024-09-04 12:25:00+00:00,2024-09-04 12:25:00+00:00
2024-09-05 13:13:00+00:00,2024-09-05 13:13:00+00:00,XAUUSD,Buy,0.58,2312.93,0.0,2314.43,2312.93,-150.0,-89.61,00:00:00:00,-1.03,702,1415153,2024-09-05 13:10:00+00:00,2024-09-05 13:10:00+00:00
2024-09-09 05:56:00+00:00,2024-09-09 06:08:00+00:00,XAUUSD,Buy,0.71,2489.0,0.0,2488.05,2489.0,95.0,64.25,00:00:12:00,0.6,630,1415618,2024-09-09 05:55:00+00:00,2024-09-09 05:55:00+00:00
2024-09-11 23:37:00+00:00,2024-09-11 23:39:00+00:00,XAUUSD,Buy,0.95,2627.96,0.0,2629.46,2627.96,-150.0,-146.78,00:00:02:00,-1.03,588,1416370,2024-09-11 23:35:00+00:00,2024-09-11 23:35:00+00:00
2024-10-04 01:12:00+00:00,2024-10-04 01:31:00+00:00,XAUUSD,Buy,0.55,2347.6,0.0,2345.93,2347.6,167.0,89.37,00:00:19:00,1.09,724,1420697,2024-10-04 01:10:00+00:00,2024-10-04 01:10:00+00:00
2024-10-05 12:28:00+00:00,2024-10-05 12:35:00+00:00,XAUUSD,Buy,0.57,2365.8,0.0,2366.24,2365.8,-44.0,-27.65,00:00:07:00,-0.32,701,1420934,2024-10-04 20:55:00+00:00,2024-10-04 20:55:00+00:00
2024-10-07 17:37:00+00:00,2024-10-07 17:40:00+00:00,XAUUSD,Buy,0.62,2371.04,0.0,2372.54,2371.04,-150.0,-95.79,00:00:03:00,-1.03,668,1421170,2024-10-07 17:35:00+00:00,2024-10-07 17:35:00+00:00
2024-11-01 13:31:00+00:00,2024-11-01 13:34:00+00:00,XAUUSD,Buy,0.51,2034.0,0.0,2027.4,2034.0,660.0,334.3,00:00:03:00,4.34,744,1424949,2024-11-01 13:30:00+00:00,2024-11-01 13:30:00+00:00
2024-11-09 13:39:00+00:00,2024-11-09 13:41:00+00:00,XAUUSD,Buy,0.71,2505.45,0.0,2506.95,2505.45,-150.0,-109.7,00:00:02:00,-1.02,629,1426418,2024-11-08 21:55:00+00:00,2024-11-08 21:55:00+00:00
2024-11-11 13:36:00+00:00,2024-11-11 13:38:00+00:00,XAUUSD,Buy,0.81,2639.86,0.0,2641.36,2639.86,-150.0,-125.15,00:00:02:00,-1.03,604,1426594,2024-11-11 13:35:00+00:00,2024-11-11 13:35:00+00:00
2024-11-11 13:42:00+00:00,2024-11-11 13:44:00+00:00,XAUUSD,Buy,0.8,2637.06,0.0,2638.56,2637.06,-150.0,-123.6,00:00:02:00,-1.03,603,1426595,2024-11-11 13:40:00+00:00,2024-11-11 13:40:00+00:00
2024-11-12 04:39:00+00:00,2024-11-12 04:40:00+00:00,XAUUSD,Buy,0.94,2684.67,0.0,2686.17,2684.67,-150.0,-145.23,00:00:01:00,-1.03,587,1426762,2024-11-12 04:35:00+00:00,2024-11-12 04:35:00+00:00
2024-12-01 17:25:00+00:00,2024-12-01 17:32:00+00:00,XAUUSD,Buy,0.54,2042.0,0.0,2043.51,2042.0,-151.0,-83.97,00:00:07:00,-1.04,743,1430417,2024-11-29 19:40:00+00:00,2024-11-29 19:40:00+00:00
2024-12-03 18:09:00+00:00,2024-12-03 18:50:00+00:00,XAUUSD,Buy,0.54,2153.32,0.0,2154.82,2153.32,-150.0,-83.43,00:00:41:00,-1.03,731,1430923,2024-12-03 18:05:00+00:00,2024-12-03 18:05:00+00:00
2024-12-04 19:28:00+00:00,2024-12-04 19:32:00+00:00,XAUUSD,Buy,0.55,2344.43,0.0,2345.93,2344.43,-150.0,-84.98,00:00:04:00,-1.03,723,1431215,2024-12-04 19:25:00+00:00,2024-12-04 19:25:00+00:00
2024-12-09 17:17:00+00:00,2024-12-09 17:24:00+00:00,XAUUSD,Buy,0.71,2546.4,0.0,2546.15,2546.4,25.0,14.55,00:00:07:00,0.14,628,1432017,2024-12-09 17:15:00+00:00,2024-12-09 17:15:00+00:00
2024-12-11 15:07:00+00:00,2024-12-11 15:20:00+00:00,XAUUSD,Buy,0.79,2610.1,0.0,2605.66,2610.1,444.0,347.2,00:00:13:00,2.92,602,1432543,2024-12-11 15:05:00+00:00,2024-12-11 15:05:00+00:00
2025-01-04 06:56:00+00:00,2025-01-04 06:56:00+00:00,XAUUSD,Buy,1.0,3133.7,0.0,3132.81,3133.7,89.0,84.5,00:00:00:00,0.57,547,1436725,2025-01-03 21:55:00+00:00,2025-01-03 21:55:00+00:00
2025-01-05 10:41:00+00:00,2025-01-05 10:43:00+00:00,XAUUSD,Buy,2.2,3220.92,0.0,3222.42,3220.92,-150.0,-339.9,00:00:02:00,-1.03,478,1436725,2025-01-03 21:55:00+00:00,2025-01-03 21:55:00+00:00
2025-01-07 14:19:00+00:00,2025-01-07 14:30:00+00:00,XAUUSD,Buy,3.04,3348.6,0.0,3348.43,3348.6,17.0,38.0,00:00:11:00,0.08,408,1437185,2025-01-07 14:15:00+00:00,2025-01-07 14:15:00+00:00
2025-01-08 15:32:00+00:00,2025-01-08 15:34:00+00:00,XAUUSD,Buy,2.88,3343.43,0.0,3344.93,3343.43,-150.0,-444.96,00:00:02:00,-1.03,392,1437476,2025-01-08 15:30:00+00:00,2025-01-08 15:30:00+00:00
2025-01-08 15:37:00+00:00,2025-01-08 15:39:00+00:00,XAUUSD,Buy,2.86,3343.7,0.0,3343.59,3343.7,11.0,18.59,00:00:02:00,0.04,391,1437477,2025-01-08 15:35:00+00:00,2025-01-08 15:35:00+00:00
2025-01-09 03:17:00+00:00,2025-01-09 03:20:00+00:00,XAUUSD,Buy,2.97,3460.6,0.0,3456.95,3460.6,365.0,1070.68,00:00:03:00,2.4,369,1437605,2025-01-09 03:15:00+00:00,2025-01-09 03:15:00+00:00
2025-01-09 08:07:00+00:00,2025-01-09 08:10:00+00:00,XAUUSD,Buy,3.04,3477.15,0.0,3478.65,3477.15,-150.0,-469.68,00:00:03:00,-1.03,368,1437663,2025-01-09 08:05:00+00:00,2025-01-09 08:05:00+00:00
2025-01-09 10:40:00+00:00,2025-01-09 10:54:00+00:00,XAUUSD,Buy,3.01,3468.05,0.0,3469.55,3468.05,-150.0,-465.05,00:00:14:00,-1.03,367,1437694,2025-01-09 10:40:00+00:00,2025-01-09 10:40:00+00:00
2025-01-12 14:37:00+00:00,2025-01-12 14:37:00+00:00,XAUUSD,Buy,13.01,4231.82,0.0,4233.32,4231.82,-150.0,-2010.05,00:00:00:00,-1.03,250,1438093,2025-01-10 21:55:00+00:00,2025-01-10 21:55:00+00:00
2025-02-04 06:00:00+00:00,2025-02-04 06:06:00+00:00,XAUUSD,Buy,1.0,3115.21,0.0,3116.71,3115.21,-150.0,-154.5,00:00:06:00,-1.03,546,1442539,2025-02-04 06:00:00+00:00,2025-02-04 06:00:00+00:00
2025-02-04 14:52:00+00:00,2025-02-04 14:53:00+00:00,XAUUSD,Buy,0.99,3117.31,0.0,3118.81,3117.31,-150.0,-152.96,00:00:01:00,-1.03,545,1442645,2025-02-04 14:50:00+00:00,2025-02-04 14:50:00+00:00
2025-02-05 01:57:00+00:00,2025-02-05 02:03:00+00:00,XAUUSD,Buy,2.18,3234.5,0.0,3229.42,3234.5,508.0,1097.63,00:00:06:00,3.35,477,1442766,2025-02-05 01:55:00+00:00,2025-02-05 01:55:00+00:00
2025-02-05 14:04:00+00:00,2025-02-05 14:04:00+00:00,XAUUSD,Buy,2.25,3244.16,0.0,3245.66,3244.16,-150.0,-347.63,00:00:00:00,-1.03,476,1442911,2025-02-05 14:00:00+00:00,2025-02-05 14:00:00+00:00
2025-02-05 14:07:00+00:00,2025-02-05 14:08:00+00:00,XAUUSD,Buy,2.24,3241.22,0.0,3242.72,3241.22,-150.0,-346.08,00:00:01:00,-1.03,475,1442912,2025-02-05 14:05:00+00:00,2025-02-05 14:05:00+00:00
2025-02-12 01:04:00+00:00,2025-02-12 01:04:00+00:00,XAUUSD,Buy,12.87,4216.2,0.0,4217.7,4216.2,-150.0,-1988.42,00:00:00:00,-1.03,249,1444135,2025-02-12 01:00:00+00:00,2025-02-12 01:00:00+00:00
2025-02-12 01:05:00+00:00,2025-02-12 01:06:00+00:00,XAUUSD,Buy,12.74,4215.9,0.0,4212.32,4215.9,358.0,4503.59,00:00:01:00,2.36,248,1444136,2025-02-12 01:05:00+00:00,2025-02-12 01:05:00+00:00
2025-02-12 03:50:00+00:00,2025-02-12 03:55:00+00:00,XAUUSD,Buy,13.04,4218.0,0.0,4217.22,4218.0,78.0,958.44,00:00:05:00,0.49,247,1444169,2025-02-12 03:50:00+00:00,2025-02-12 03:50:00+00:00
2025-03-04 11:28:00+00:00,2025-03-04 11:30:00+00:00,XAUUSD,Buy,0.98,3106.4,0.0,3105.51,3106.4,89.0,82.81,00:00:02:00,0.56,544,1448094,2025-03-04 11:25:00+00:00,2025-03-04 11:25:00+00:00
2025-03-04 14:08:00+00:00,2025-03-04 14:10:00+00:00,XAUUSD,Buy,0.99,3065.1,0.0,3064.21,3065.1,89.0,83.65,00:00:02:00,0.56,543,1448126,2025-03-04 14:05:00+00:00,2025-03-04 14:05:00+00:00
2025-03-04 16:13:00+00:00,2025-03-04 16:13:00+00:00,XAUUSD,Buy,0.99,3115.21,0.0,3116.71,3115.21,-150.0,-152.96,00:00:00:00,-1.03,542,1448151,2025-03-04 16:10:00+00:00,2025-03-04 16:10:00+00:00
2025-03-04 20:52:00+00:00,2025-03-04 21:46:00+00:00,XAUUSD,Buy,0.98,3117.6,0.0,3103.41,3117.6,1419.0,1386.21,00:00:54:00,9.4,541,1448207,2025-03-04 20:50:00+00:00,2025-03-04 20:50:00+00:00
2025-03-09 20:26:00+00:00,2025-03-09 20:30:00+00:00,XAUUSD,Buy,2.98,3563.5,0.0,3562.66,3563.5,84.0,236.91,00:00:04:00,0.53,366,1449048,2025-03-07 21:55:00+00:00,2025-03-07 21:55:00+00:00
2025-03-11 00:32:00+00:00,2025-03-11 00:42:00+00:00,XAUUSD,Buy,8.69,3975.8,0.0,3964.5,3975.8,1130.0,9780.59,00:00:10:00,7.51,295,1449355,2025-03-11 00:30:00+00:00,2025-03-11 00:30:00+00:00
2025-03-11 01:45:00+00:00,2025-03-11 01:46:00+00:00,XAUUSD,Buy,9.34,3991.9,0.0,3991.1,3991.9,80.0,705.17,00:00:01:00,0.5,294,1449370,2025-03-11 01:45:00+00:00,2025-03-11 01:45:00+00:00
2025-03-11 02:27:00+00:00,2025-03-11 02:29:00+00:00,XAUUSD,Buy,9.38,3995.9,0.0,3997.4,3995.9,-150.0,-1449.21,00:00:02:00,-1.03,293,1449378,2025-03-11 02:25:00+00:00,2025-03-11 02:25:00+00:00
2025-03-11 15:55:00+00:00,2025-03-11 15:56:00+00:00,XAUUSD,Buy,9.29,4010.6,0.0,4012.1,4010.6,-150.0,-1435.31,00:00:01:00,-1.03,292,1449540,2025-03-11 15:55:00+00:00,2025-03-11 15:55:00+00:00
2025-03-12 16:58:00+00:00,2025-03-12 16:59:00+00:00,XAUUSD,Buy,13.1,4199.8,0.0,4197.62,4199.8,218.0,2796.85,00:00:01:00,1.42,246,1449828,2025-03-12 16:55:00+00:00,2025-03-12 16:55:00+00:00
2025-03-12 18:55:00+00:00,2025-03-12 18:58:00+00:00,XAUUSD,Buy,13.29,4197.0,0.0,4197.0,4197.0,0.0,-59.81,00:00:03:00,-0.03,245,1449852,2025-03-12 18:55:00+00:00,2025-03-12 18:55:00+00:00
2025-04-03 13:25:00+00:00,2025-04-03 13:31:00+00:00,XAUUSD,Buy,0.89,2917.4,0.0,2915.09,2917.4,231.0,201.58,00:00:06:00,1.51,561,1454202,2025-04-03 13:25:00+00:00,2025-04-03 13:25:00+00:00
2025-04-04 12:26:00+00:00,2025-04-04 12:26:00+00:00,XAUUSD,Buy,1.08,3091.57,0.0,3093.07,3091.57,-150.0,-166.86,00:00:00:00,-1.03,540,1454466,2025-04-04 12:25:00+00:00,2025-04-04 12:25:00+00:00
2025-04-04 13:36:00+00:00,2025-04-04 13:41:00+00:00,XAUUSD,Buy,1.06,3077.7,0.0,3061.41,3077.7,1629.0,1721.97,00:00:05:00,10.79,539,1454480,2025-04-04 13:35:00+00:00,2025-04-04 13:35:00+00:00
2025-04-04 13:55:00+00:00,2025-04-04 13:55:00+00:00,XAUUSD,Buy,1.18,3064.27,0.0,3065.77,3064.27,-150.0,-182.31,00:00:00:00,-1.03,538,1454484,2025-04-04 13:55:00+00:00,2025-04-04 13:55:00+00:00
2025-04-04 13:56:00+00:00,2025-04-04 13:57:00+00:00,XAUUSD,Buy,1.17,3063.41,0.0,3064.91,3063.41,-150.0,-180.77,00:00:01:00,-1.03,537,1454484,2025-04-04 13:55:00+00:00,2025-04-04 13:55:00+00:00
2025-04-04 15:37:00+00:00,2025-04-04 15:37:00+00:00,XAUUSD,Buy,1.15,3023.8,0.0,3022.9,3023.8,90.0,98.32,00:00:00:00,0.57,536,1454504,2025-04-04 15:35:00+00:00,2025-04-04 15:35:00+00:00
2025-04-06 10:48:00+00:00,2025-04-06 10:51:00+00:00,XAUUSD,Buy,2.72,3349.04,0.0,3350.54,3349.04,-150.0,-420.24,00:00:03:00,-1.03,436,1454568,2025-04-04 20:55:00+00:00,2025-04-04 20:55:00+00:00
2025-04-07 09:36:00+00:00,2025-04-07 09:56:00+00:00,XAUUSD,Buy,3.04,3335.3,0.0,3334.43,3335.3,87.0,250.8,00:00:20:00,0.55,407,1454708,2025-04-07 09:35:00+00:00,2025-04-07 09:35:00+00:00
2025-04-08 01:00:00+00:00,2025-04-08 01:05:00+00:00,XAUUSD,Buy,2.85,3352.8,0.0,3351.24,3352.8,156.0,431.77,00:00:05:00,1.01,390,1454881,2025-04-08 01:00:00+00:00,2025-04-08 01:00:00+00:00
2025-04-09 14:23:00+00:00,2025-04-09 14:32:00+00:00,XAUUSD,Buy,3.0,3541.8,0.0,3536.75,3541.8,505.0,1501.5,00:00:09:00,3.34,365,1455305,2025-04-09 14:20:00+00:00,2025-04-09 14:20:00+00:00
2025-04-09 17:48:00+00:00,2025-04-09 17:56:00+00:00,XAUUSD,Buy,3.1,3542.97,0.0,3544.47,3542.97,-150.0,-478.95,00:00:08:00,-1.03,364,1455346,2025-04-09 17:45:00+00:00,2025-04-09 17:45:00+00:00
2025-04-11 11:35:00+00:00,2025-04-11 11:39:00+00:00,XAUUSD,Buy,9.19,3987.7,0.0,3986.2,3987.7,150.0,1337.14,00:00:04:00,0.97,291,1455824,2025-04-11 11:35:00+00:00,2025-04-11 11:35:00+00:00
2025-04-11 13:35:00+00:00,2025-04-11 13:35:00+00:00,XAUUSD,Buy,9.28,3936.6,0.0,3935.79,3936.6,81.0,709.92,00:00:00:00,0.51,290,1455848,2025-04-11 13:35:00+00:00,2025-04-11 13:35:00+00:00
2025-04-11 17:39:00+00:00,2025-04-11 17:41:00+00:00,XAUUSD,Buy,9.33,3935.2,0.0,3934.39,3935.2,81.0,713.74,00:00:02:00,0.51,289,1455896,2025-04-11 17:35:00+00:00,2025-04-11 17:35:00+00:00
2025-04-12 01:07:00+00:00,2025-04-12 01:19:00+00:00,XAUUSD,Buy,13.29,4204.0,0.0,4201.12,4204.0,288.0,3767.71,00:00:12:00,1.89,244,1455936,2025-04-11 20:55:00+00:00,2025-04-11 20:55:00+00:00
2025-04-12 04:41:00+00:00,2025-04-12 04:43:00+00:00,XAUUSD,Buy,13.54,4185.1,0.0,4184.32,4185.1,78.0,995.19,00:00:02:00,0.49,243,1455936,2025-04-11 20:55:00+00:00,2025-04-11 20:55:00+00:00
2025-04-12 11:32:00+00:00,2025-04-12 11:34:00+00:00,XAUUSD,Buy,13.6,4191.22,0.0,4192.72,4191.22,-150.0,-2101.2,00:00:02:00,-1.03,242,1455936,2025-04-11 20:55:00+00:00,2025-04-11 20:55:00+00:00
2025-04-12 13:44:00+00:00,2025-04-12 13:46:00+00:00,XAUUSD,Buy,13.46,4199.1,0.0,4195.52,4199.1,358.0,4758.11,00:00:02:00,2.36,241,1455936,2025-04-11 20:55:00+00:00,2025-04-11 20:55:00+00:00
2025-04-12 18:10:00+00:00,2025-04-12 18:12:00+00:00,XAUUSD,Buy,13.78,4200.32,0.0,4201.82,4200.32,-150.0,-2129.01,00:00:02:00,-1.03,240,1455936,2025-04-11 20:55:00+00:00,2025-04-11 20:55:00+00:00
2025-05-05 02:18:00+00:00,2025-05-05 02:25:00+00:00,XAUUSD,Buy,2.21,3264.6,0.0,3260.93,3264.6,367.0,801.12,00:00:07:00,2.42,474,1459754,2025-05-05 02:15:00+00:00,2025-05-05 02:15:00+00:00
2025-05-05 03:19:00+00:00,2025-05-05 03:21:00+00:00,XAUUSD,Buy,2.26,3258.03,0.0,3259.53,3258.03,-150.0,-349.17,00:00:02:00,-1.03,473,1459766,2025-05-05 03:15:00+00:00,2025-05-05 03:15:00+00:00
2025-05-05 03:21:00+00:00,2025-05-05 03:26:00+00:00,XAUUSD,Buy,2.25,3259.0,0.0,3258.83,3259.0,17.0,28.12,00:00:05:00,0.08,472,1459767,2025-05-05 03:20:00+00:00,2025-05-05 03:20:00+00:00
2025-05-06 15:17:00+00:00,2025-05-06 15:20:00+00:00,XAUUSD,Buy,2.7,3363.3,0.0,3361.74,3363.3,156.0,409.05,00:00:03:00,1.01,435,1460186,2025-05-06 15:15:00+00:00,2025-05-06 15:15:00+00:00
2025-05-06 15:34:00+00:00,2025-05-06 15:36:00+00:00,XAUUSD,Buy,2.72,3354.9,0.0,3354.74,3354.9,16.0,31.28,00:00:02:00,0.08,434,1460189,2025-05-06 15:30:00+00:00,2025-05-06 15:30:00+00:00
2025-05-08 09:46:00+00:00,2025-05-08 09:53:00+00:00,XAUUSD,Buy,2.88,3362.6,0.0,3363.14,3362.6,-54.0,-168.48,00:00:07:00,-0.39,389,1460672,2025-05-08 09:45:00+00:00,2025-05-08 09:45:00+00:00
2025-05-08 22:16:00+00:00,2025-05-08 22:39:00+00:00,XAUUSD,Buy,3.06,3541.8,0.0,3540.95,3541.8,85.0,246.33,00:00:23:00,0.54,363,1460810,2025-05-08 22:15:00+00:00,2025-05-08 22:15:00+00:00
2025-05-11 00:49:00+00:00,2025-05-11 00:50:00+00:00,XAUUSD,Buy,9.38,3939.4,0.0,3938.59,3939.4,81.0,717.57,00:00:01:00,0.51,288,1461082,2025-05-09 20:55:00+00:00,2025-05-09 20:55:00+00:00
2025-05-11 04:49:00+00:00,2025-05-11 04:51:00+00:00,XAUUSD,Buy,9.42,3963.7,0.0,3965.2,3963.7,-150.0,-1455.39,00:00:02:00,-1.03,287,1461082,2025-05-09 20:55:00+00:00,2025-05-09 20:55:00+00:00
2025-05-11 08:20:00+00:00,2025-05-11 08:24:00+00:00,XAUUSD,Buy,9.33,3970.0,0.0,3971.5,3970.0,-150.0,-1441.49,00:00:04:00,-1.03,286,1461082,2025-05-09 20:55:00+00:00,2025-05-09 20:55:00+00:00
2025-05-12 00:12:00+00:00,2025-05-12 00:15:00+00:00,XAUUSD,Buy,13.64,4196.3,0.0,4195.52,4196.3,78.0,1002.54,00:00:03:00,0.49,239,1461109,2025-05-12 00:10:00+00:00,2025-05-12 00:10:00+00:00
2025-05-12 15:32:00+00:00,2025-05-12 15:36:00+00:00,XAUUSD,Buy,13.71,4215.2,0.0,4208.82,4215.2,638.0,8685.28,00:00:04:00,4.22,238,1461293,2025-05-12 15:30:00+00:00,2025-05-12 15:30:00+00:00
2025-05-12 16:37:00+00:00,2025-05-12 16:39:00+00:00,XAUUSD,Buy,14.29,4210.3,0.0,4208.82,4210.3,148.0,2050.61,00:00:02:00,0.96,237,1461306,2025-05-12 16:35:00+00:00,2025-05-12 16:35:00+00:00
2025-06-01 12:39:00+00:00,2025-06-01 12:40:00+00:00,XAUUSD,Buy,0.9,2629.0,0.0,2628.76,2629.0,24.0,17.55,00:00:01:00,0.13,579,1465192,2025-05-30 20:55:00+00:00,2025-05-30 20:55:00+00:00
2025-06-02 12:13:00+00:00,2025-06-02 12:21:00+00:00,XAUUSD,Buy,0.9,2862.8,0.0,2860.49,2862.8,231.0,203.85,00:00:08:00,1.5,570,1465363,2025-06-02 12:10:00+00:00,2025-06-02 12:10:00+00:00
2025-06-03 14:26:00+00:00,2025-06-03 14:31:00+00:00,XAUUSD,Buy,0.9,2911.8,0.0,2910.89,2911.8,91.0,77.85,00:00:05:00,0.58,560,1465666,2025-06-03 14:25:00+00:00,2025-06-03 14:25:00+00:00
2025-06-06 13:02:00+00:00,2025-06-06 13:04:00+00:00,XAUUSD,Buy,2.72,3349.3,0.0,3347.73,3349.3,157.0,414.8,00:00:02:00,1.02,433,1466477,2025-06-06 13:00:00+00:00,2025-06-06 13:00:00+00:00
2025-06-06 13:24:00+00:00,2025-06-06 13:26:00+00:00,XAUUSD,Buy,2.75,3351.4,0.0,3349.83,3351.4,157.0,419.37,00:00:02:00,1.02,432,1466481,2025-06-06 13:20:00+00:00,2025-06-06 13:20:00+00:00
2025-06-06 16:39:00+00:00,2025-06-06 16:49:00+00:00,XAUUSD,Buy,2.78,3324.1,0.0,3323.23,3324.1,87.0,229.35,00:00:10:00,0.55,431,1466520,2025-06-06 16:35:00+00:00,2025-06-06 16:35:00+00:00
2025-07-02 15:44:00+00:00,2025-07-02 15:45:00+00:00,XAUUSD,Buy,0.92,2861.09,0.0,2862.59,2861.09,-150.0,-142.14,00:00:01:00,-1.03,569,1471447,2025-07-02 15:40:00+00:00,2025-07-02 15:40:00+00:00
2025-07-02 23:11:00+00:00,2025-07-02 23:13:00+00:00,XAUUSD,Buy,0.91,2899.9,0.0,2896.89,2899.9,301.0,269.81,00:00:02:00,1.98,559,1471525,2025-07-02 23:10:00+00:00,2025-07-02 23:10:00+00:00
2025-07-03 14:42:00+00:00,2025-07-03 14:44:00+00:00,XAUUSD,Buy,0.92,2912.19,0.0,2913.69,2912.19,-150.0,-142.14,00:00:02:00,-1.02,558,1471711,2025-07-03 14:40:00+00:00,2025-07-03 14:40:00+00:00
2025-07-03 23:53:00+00:00,2025-07-03 23:56:00+00:00,XAUUSD,Buy,1.16,2995.1,0.0,2990.7,2995.1,440.0,505.18,00:00:03:00,2.9,535,1471809,2025-07-03 23:50:00+00:00,2025-07-03 23:50:00+00:00
2025-07-04 01:06:00+00:00,2025-07-04 01:08:00+00:00,XAUUSD,Buy,1.2,2989.5,0.0,2973.9,2989.5,1560.0,1866.6,00:00:02:00,10.41,534,1471824,2025-07-04 01:05:00+00:00,2025-07-04 01:05:00+00:00
2025-07-04 06:02:00+00:00,2025-07-04 06:04:00+00:00,XAUUSD,Buy,1.32,3031.5,0.0,3030.6,3031.5,90.0,112.86,00:00:02:00,0.57,533,1471883,2025-07-04 06:00:00+00:00,2025-07-04 06:00:00+00:00
2025-07-04 12:01:00+00:00,2025-07-04 12:03:00+00:00,XAUUSD,Buy,1.33,3028.7,0.0,3028.5,3028.7,20.0,20.61,00:00:02:00,0.1,532,1471955,2025-07-04 12:00:00+00:00,2025-07-04 12:00:00+00:00
2025-07-04 13:37:00+00:00,2025-07-04 13:37:00+00:00,XAUUSD,Buy,1.33,3009.8,0.0,3006.8,3009.8,300.0,393.01,00:00:00:00,1.97,531,1471974,2025-07-04 13:35:00+00:00,2025-07-04 13:35:00+00:00
2025-07-04 14:29:00+00:00,2025-07-04 14:30:00+00:00,XAUUSD,Buy,1.35,3009.1,0.0,3006.8,3009.1,230.0,304.42,00:00:01:00,1.5,530,1471984,2025-07-04 14:25:00+00:00,2025-07-04 14:25:00+00:00
2025-07-04 16:50:00+00:00,2025-07-04 16:53:00+00:00,XAUUSD,Buy,1.38,2971.7,0.0,2973.2,2971.7,-150.0,-213.21,00:00:03:00,-1.03,529,1472013,2025-07-04 16:50:00+00:00,2025-07-04 16:50:00+00:00
2025-07-04 18:58:00+00:00,2025-07-04 19:08:00+00:00,XAUUSD,Buy,1.36,2970.6,0.0,2964.8,2970.6,580.0,782.68,00:00:10:00,3.83,528,1472014,2025-07-04 16:55:00+00:00,2025-07-04 16:55:00+00:00
2025-07-05 01:07:00+00:00,2025-07-05 01:08:00+00:00,XAUUSD,Buy,2.24,3373.8,0.0,3371.54,3373.8,226.0,496.16,00:00:01:00,1.48,471,1472014,2025-07-04 16:55:00+00:00,2025-07-04 16:55:00+00:00
2025-07-05 18:47:00+00:00,2025-07-05 18:49:00+00:00,XAUUSD,Buy,2.27,3382.9,0.0,3378.54,3382.9,436.0,979.5,00:00:02:00,2.87,470,1472014,2025-07-04 16:55:00+00:00,2025-07-04 16:55:00+00:00
2025-07-08 08:09:00+00:00,2025-07-08 08:11:00+00:00,XAUUSD,Buy,2.87,3385.0,0.0,3382.04,3385.0,296.0,836.6,00:00:02:00,1.94,388,1472412,2025-07-08 08:05:00+00:00,2025-07-08 08:05:00+00:00
2025-07-08 08:25:00+00:00,2025-07-08 08:29:00+00:00,XAUUSD,Buy,2.93,3373.54,0.0,3375.04,3373.54,-150.0,-452.69,00:00:04:00,-1.03,387,1472416,2025-07-08 08:25:00+00:00,2025-07-08 08:25:00+00:00
2025-08-01 16:40:00+00:00,2025-08-01 16:42:00+00:00,XAUUSD,Buy,0.91,2653.5,0.0,2651.87,2653.5,163.0,144.23,00:00:02:00,1.06,578,1477483,2025-08-01 16:40:00+00:00,2025-08-01 16:40:00+00:00
2025-08-04 16:46:00+00:00,2025-08-04 16:47:00+00:00,XAUUSD,Buy,1.41,2988.1,0.0,2986.5,2988.1,160.0,219.25,00:00:01:00,1.03,527,1477748,2025-08-04 16:45:00+00:00,2025-08-04 16:45:00+00:00
2025-08-05 05:15:00+00:00,2025-08-05 05:16:00+00:00,XAUUSD,Buy,2.34,3373.54,0.0,3375.04,3373.54,-150.0,-361.53,00:00:01:00,-1.03,469,1477886,2025-08-05 05:15:00+00:00,2025-08-05 05:15:00+00:00
2025-08-05 15:37:00+00:00,2025-08-05 15:39:00+00:00,XAUUSD,Buy,2.31,3345.8,0.0,3342.83,3345.8,297.0,675.67,00:00:02:00,1.95,468,1478010,2025-08-05 15:35:00+00:00,2025-08-05 15:35:00+00:00
2025-08-05 19:18:00+00:00,2025-08-05 19:20:00+00:00,XAUUSD,Buy,2.36,3298.63,0.0,3300.13,3298.63,-150.0,-364.62,00:00:02:00,-1.03,467,1478054,2025-08-05 19:15:00+00:00,2025-08-05 19:15:00+00:00
2025-08-07 13:52:00+00:00,2025-08-07 14:02:00+00:00,XAUUSD,Buy,3.06,3314.03,0.0,3315.53,3314.03,-150.0,-472.77,00:00:10:00,-1.03,406,1478541,2025-08-07 13:50:00+00:00,2025-08-07 13:50:00+00:00
2025-08-09 15:32:00+00:00,2025-08-09 15:36:00+00:00,XAUUSD,Buy,3.08,3634.66,0.0,3636.16,3634.66,-150.0,-475.86,00:00:04:00,-1.03,362,1478901,2025-08-08 20:55:00+00:00,2025-08-08 20:55:00+00:00
2025-08-12 13:59:00+00:00,2025-08-12 13:59:00+00:00,XAUUSD,Buy,14.42,4196.12,0.0,4197.62,4196.12,-150.0,-2227.89,00:00:00:00,-1.03,236,1479369,2025-08-12 13:55:00+00:00,2025-08-12 13:55:00+00:00
2025-08-12 14:08:00+00:00,2025-08-12 14:08:00+00:00,XAUUSD,Buy,14.27,4180.02,0.0,4181.52,4180.02,-150.0,-2204.72,00:00:00:00,-1.03,235,1479371,2025-08-12 14:05:00+00:00,2025-08-12 14:05:00+00:00
2025-09-03 23:27:00+00:00,2025-09-03 23:30:00+00:00,XAUUSD,Buy,1.43,2980.1,0.0,2981.6,2980.1,-150.0,-220.94,00:00:03:00,-1.03,526,1483857,2025-09-03 23:25:00+00:00,2025-09-03 23:25:00+00:00
2025-09-04 08:34:00+00:00,2025-09-04 08:38:00+00:00,XAUUSD,Buy,1.41,3044.1,0.0,3041.1,3044.1,300.0,416.65,00:00:04:00,1.97,525,1483966,2025-09-04 08:30:00+00:00,2025-09-04 08:30:00+00:00
2025-09-04 18:08:00+00:00,2025-09-04 18:09:00+00:00,XAUUSD,Buy,1.44,3056.0,0.0,3055.11,3056.0,89.0,121.68,00:00:01:00,0.56,524,1484081,2025-09-04 18:05:00+00:00,2025-09-04 18:05:00+00:00
2025-09-05 02:13:00+00:00,2025-09-05 02:16:00+00:00,XAUUSD,Buy,2.34,3279.3,0.0,3277.03,3279.3,227.0,520.65,00:00:03:00,1.49,466,1484166,2025-09-05 02:10:00+00:00,2025-09-05 02:10:00+00:00
2025-09-05 14:03:00+00:00,2025-09-05 14:04:00+00:00,XAUUSD,Buy,2.37,3323.83,0.0,3325.33,3323.83,-150.0,-366.17,00:00:01:00,-1.03,465,1484308,2025-09-05 14:00:00+00:00,2025-09-05 14:00:00+00:00
2025-09-06 00:47:00+00:00,2025-09-06 00:48:00+00:00,XAUUSD,Buy,2.8,3299.33,0.0,3300.83,3299.33,-150.0,-432.6,00:00:01:00,-1.03,430,1484391,2025-09-05 20:55:00+00:00,2025-09-05 20:55:00+00:00
2025-09-09 06:07:00+00:00,2025-09-09 06:08:00+00:00,XAUUSD,Buy,3.05,3644.0,0.0,3643.16,3644.0,84.0,242.47,00:00:01:00,0.53,361,1484765,2025-09-09 06:05:00+00:00,2025-09-09 06:05:00+00:00
2025-09-09 19:51:00+00:00,2025-09-09 19:59:00+00:00,XAUUSD,Buy,3.06,3629.3,0.0,3629.86,3629.3,-56.0,-185.13,00:00:08:00,-0.4,360,1484930,2025-09-09 19:50:00+00:00,2025-09-09 19:50:00+00:00
2025-09-12 05:12:00+00:00,2025-09-12 05:17:00+00:00,XAUUSD,Buy,14.13,4176.0,0.0,4172.42,4176.0,358.0,4994.95,00:00:05:00,2.36,234,1485582,2025-09-12 05:10:00+00:00,2025-09-12 05:10:00+00:00
2025-10-01 17:35:00+00:00,2025-10-01 17:52:00+00:00,XAUUSD,Buy,0.92,2685.37,0.0,2686.87,2685.37,-150.0,-142.14,00:00:17:00,-1.04,577,1489319,2025-10-01 17:35:00+00:00,2025-10-01 17:35:00+00:00
2025-10-04 05:42:00+00:00,2025-10-04 05:43:00+00:00,XAUUSD,Buy,1.45,3115.91,0.0,3117.41,3115.91,-150.0,-224.03,00:00:01:00,-1.03,523,1489899,2025-10-03 20:55:00+00:00,2025-10-03 20:55:00+00:00
2025-10-04 13:35:00+00:00,2025-10-04 13:37:00+00:00,XAUUSD,Buy,1.43,3123.9,0.0,3121.61,3123.9,229.0,321.03,00:00:02:00,1.49,522,1489899,2025-10-03 20:55:00+00:00,2025-10-03 20:55:00+00:00
2025-10-04 15:59:00+00:00,2025-10-04 16:00:00+00:00,XAUUSD,Buy,1.46,3156.8,0.0,3156.62,3156.8,18.0,19.71,00:00:01:00,0.09,521,1489899,2025-10-03 20:55:00+00:00,2025-10-03 20:55:00+00:00
2025-10-04 17:09:00+00:00,2025-10-04 17:21:00+00:00,XAUUSD,Buy,1.46,3161.0,0.0,3152.42,3161.0,858.0,1246.11,00:00:12:00,5.7,520,1489899,2025-10-03 20:55:00+00:00,2025-10-03 20:55:00+00:00
2025-10-06 14:03:00+00:00,2025-10-06 14:07:00+00:00,XAUUSD,Buy,2.77,3338.1,0.0,3338.63,3338.1,-53.0,-159.28,00:00:04:00,-0.38,429,1490092,2025-10-06 14:00:00+00:00,2025-10-06 14:00:00+00:00
2025-10-07 12:03:00+00:00,2025-10-07 12:24:00+00:00,XAUUSD,Buy,3.03,3320.6,0.0,3319.03,3320.6,157.0,462.07,00:00:21:00,1.02,405,1490344,2025-10-07 12:00:00+00:00,2025-10-07 12:00:00+00:00
2025-10-09 19:38:00+00:00,2025-10-09 20:10:00+00:00,XAUUSD,Buy,3.04,3640.5,0.0,3636.86,3640.5,364.0,1092.88,00:00:32:00,2.4,359,1490987,2025-10-09 19:35:00+00:00,2025-10-09 19:35:00+00:00
2025-10-10 16:20:00+00:00,2025-10-10 16:21:00+00:00,XAUUSD,Buy,3.11,3981.4,0.0,3979.2,3981.4,220.0,670.2,00:00:01:00,1.43,357,1491224,2025-10-10 16:20:00+00:00,2025-10-10 16:20:00+00:00
2025-11-02 20:33:00+00:00,2025-11-02 21:56:00+00:00,XAUUSD,Buy,0.91,2897.8,0.0,2894.79,2897.8,301.0,269.81,00:01:23:00,1.98,568,1495419,2025-10-31 20:55:00+00:00,2025-10-31 20:55:00+00:00
2025-11-04 03:00:00+00:00,2025-11-04 03:10:00+00:00,XAUUSD,Buy,1.54,3212.8,0.0,3206.32,3212.8,648.0,990.99,00:00:10:00,4.29,519,1495744,2025-11-04 03:00:00+00:00,2025-11-04 03:00:00+00:00
2025-11-04 06:38:00+00:00,2025-11-04 06:39:00+00:00,XAUUSD,Buy,1.61,3207.62,0.0,3209.12,3207.62,-150.0,-248.75,00:00:01:00,-1.03,518,1495787,2025-11-04 06:35:00+00:00,2025-11-04 06:35:00+00:00
2025-11-04 08:19:00+00:00,2025-11-04 08:20:00+00:00,XAUUSD,Buy,1.59,3203.42,0.0,3204.92,3203.42,-150.0,-245.66,00:00:01:00,-1.03,517,1495807,2025-11-04 08:15:00+00:00,2025-11-04 08:15:00+00:00
2025-11-04 15:26:00+00:00,2025-11-04 15:27:00+00:00,XAUUSD,Buy,1.57,3227.5,0.0,3227.32,3227.5,18.0,21.19,00:00:01:00,0.09,516,1495893,2025-11-04 15:25:00+00:00,2025-11-04 15:25:00+00:00
2025-11-04 17:54:00+00:00,2025-11-04 17:55:00+00:00,XAUUSD,Buy,1.57,3221.1,0.0,3222.6,3221.1,-150.0,-242.57,00:00:01:00,-1.03,515,1495922,2025-11-04 17:50:00+00:00,2025-11-04 17:50:00+00:00
2025-11-04 17:57:00+00:00,2025-11-04 18:07:00+00:00,XAUUSD,Buy,1.56,3230.3,0.0,3221.72,3230.3,858.0,1331.46,00:00:10:00,5.7,514,1495923,2025-11-04 17:55:00+00:00,2025-11-04 17:55:00+00:00
2025-11-08 12:14:00+00:00,2025-11-08 12:17:00+00:00,XAUUSD,Buy,2.9,3353.5,0.0,3354.04,3353.5,-54.0,-169.65,00:00:03:00,-0.39,386,1496799,2025-11-07 21:55:00+00:00,2025-11-07 21:55:00+00:00
2025-11-08 13:31:00+00:00,2025-11-08 13:35:00+00:00,XAUUSD,Buy,2.89,3348.6,0.0,3344.93,3348.6,367.0,1047.62,00:00:04:00,2.42,385,1496799,2025-11-07 21:55:00+00:00,2025-11-07 21:55:00+00:00
2025-11-09 08:10:00+00:00,2025-11-09 08:14:00+00:00,XAUUSD,Buy,3.11,3627.9,0.0,3627.76,3627.9,14.0,29.54,00:00:04:00,0.06,358,1496799,2025-11-07 21:55:00+00:00,2025-11-07 21:55:00+00:00
2025-11-12 10:29:00+00:00,2025-11-12 10:30:00+00:00,XAUUSD,Buy,14.46,4215.72,0.0,4217.22,4215.72,-150.0,-2234.07,00:00:01:00,-1.03,233,1497489,2025-11-12 10:25:00+00:00,2025-11-12 10:25:00+00:00
2025-11-12 13:13:00+00:00,2025-11-12 13:15:00+00:00,XAUUSD,Buy,14.31,4209.42,0.0,4210.92,4209.42,-150.0,-2210.9,00:00:02:00,-1.04,232,1497522,2025-11-12 13:10:00+00:00,2025-11-12 13:10:00+00:00
2025-11-12 13:13:00+00:00,2025-11-12 13:15:00+00:00,XAUUSD,Buy,14.31,4209.42,0.0,4210.92,4209.42,-150.0,-2210.9,00:00:02:00,-1.03,231,1497522,2025-11-12 13:10:00+00:00,2025-11-12 13:10:00+00:00
2025-11-12 14:51:00+00:00,2025-11-12 14:52:00+00:00,XAUUSD,Buy,14.02,4233.4,0.0,4232.62,4233.4,78.0,1030.47,00:00:01:00,0.49,230,1497542,2025-11-12 14:50:00+00:00,2025-11-12 14:50:00+00:00
2025-12-04 23:21:00+00:00,2025-12-04 23:22:00+00:00,XAUUSD,Buy,2.35,3272.03,0.0,3273.53,3272.03,-150.0,-363.08,00:00:01:00,-1.03,464,1501978,2025-12-04 23:20:00+00:00,2025-12-04 23:20:00+00:00
2025-12-05 00:04:00+00:00,2025-12-05 00:17:00+00:00,XAUUSD,Buy,2.32,3278.6,0.0,3267.23,3278.6,1137.0,2627.4,00:00:13:00,7.54,463,1501986,2025-12-05 00:00:00+00:00,2025-12-05 00:00:00+00:00
2025-12-05 02:14:00+00:00,2025-12-05 02:15:00+00:00,XAUUSD,Buy,2.5,3260.83,0.0,3262.33,3260.83,-150.0,-386.25,00:00:01:00,-1.03,462,1502012,2025-12-05 02:10:00+00:00,2025-12-05 02:10:00+00:00
2025-12-05 08:28:00+00:00,2025-12-05 08:29:00+00:00,XAUUSD,Buy,2.47,3228.9,0.0,3221.72,3228.9,718.0,1762.34,00:00:01:00,4.75,461,1502087,2025-12-05 08:25:00+00:00,2025-12-05 08:25:00+00:00
2025-12-05 08:46:00+00:00,2025-12-05 08:47:00+00:00,XAUUSD,Buy,2.59,3221.9,0.0,3219.62,3221.9,228.0,578.86,00:00:01:00,1.49,460,1502091,2025-12-05 08:45:00+00:00,2025-12-05 08:45:00+00:00
2025-12-12 09:34:00+00:00,2025-12-12 09:36:00+00:00,XAUUSD,Buy,14.08,4311.1,0.0,4308.93,4311.1,217.0,2992.0,00:00:02:00,1.42,229,1503477,2025-12-12 09:30:00+00:00,2025-12-12 09:30:00+00:00
2025-12-12 15:56:00+00:00,2025-12-12 15:56:00+00:00,XAUUSD,Buy,14.28,4295.7,0.0,4295.63,4295.7,7.0,35.7,00:00:00:00,0.02,228,1503554,2025-12-12 15:55:00+00:00,2025-12-12 15:55:00+00:00
2025-12-12 16:40:00+00:00,2025-12-12 16:40:00+00:00,XAUUSD,Buy,14.29,4264.03,0.0,4265.53,4264.03,-150.0,-2207.81,00:00:00:00,-1.03,227,1503563,2025-12-12 16:40:00+00:00,2025-12-12 16:40:00+00:00
2026-02-01 13:51:00+00:00,2026-02-01 13:53:00+00:00,XAUUSD,Buy,18.79,4369.9,0.0,4369.14,4369.9,76.0,1343.48,00:00:02:00,0.48,199,1512665,2026-01-30 21:55:00+00:00,2026-01-30 21:55:00+00:00
2026-02-02 00:57:00+00:00,2026-02-02 00:58:00+00:00,XAUUSD,Buy,97.74,4773.1,0.0,4761.88,4773.1,1122.0,109224.45,00:00:01:00,7.45,133,1512688,2026-02-02 00:55:00+00:00,2026-02-02 00:55:00+00:00
2026-02-02 03:05:00+00:00,2026-02-02 03:06:00+00:00,XAUUSD,Buy,100.0,4717.1,0.0,4706.57,4717.1,1053.0,104850.0,00:00:01:00,6.66,132,1512714,2026-02-02 03:05:00+00:00,2026-02-02 03:05:00+00:00
2026-02-02 03:29:00+00:00,2026-02-02 03:29:00+00:00,XAUUSD,Buy,100.0,4700.3,0.0,4696.07,4700.3,423.0,41850.0,00:00:00:00,2.49,131,1512718,2026-02-02 03:25:00+00:00,2026-02-02 03:25:00+00:00
2026-02-02 03:59:00+00:00,2026-02-02 04:00:00+00:00,XAUUSD,Buy,100.0,4649.2,0.0,4641.46,4649.2,774.0,76950.0,00:00:01:00,4.47,130,1512724,2026-02-02 03:55:00+00:00,2026-02-02 03:55:00+00:00
2026-02-02 08:33:00+00:00,2026-02-02 08:33:00+00:00,XAUUSD,Buy,100.0,4642.2,0.0,4636.56,4642.2,564.0,55950.0,00:00:00:00,3.11,129,1512779,2026-02-02 08:30:00+00:00,2026-02-02 08:30:00+00:00
2026-02-02 09:03:00+00:00,2026-02-02 09:03:00+00:00,XAUUSD,Buy,100.0,4618.96,0.0,4620.46,4618.96,-150.0,-15450.0,00:00:00:00,-0.83,128,1512785,2026-02-02 09:00:00+00:00,2026-02-02 09:00:00+00:00
2026-02-02 14:04:00+00:00,2026-02-02 14:05:00+00:00,XAUUSD,Buy,100.0,4708.7,0.0,4702.37,4708.7,633.0,62850.0,00:00:01:00,3.42,127,1512845,2026-02-02 14:00:00+00:00,2026-02-02 14:00:00+00:00
2026-02-02 14:46:00+00:00,2026-02-02 14:47:00+00:00,XAUUSD,Buy,100.0,4760.5,0.0,4737.37,4760.5,2313.0,230850.0,00:00:01:00,12.13,126,1512854,2026-02-02 14:45:00+00:00,2026-02-02 14:45:00+00:00
2026-02-02 15:29:00+00:00,2026-02-02 15:30:00+00:00,XAUUSD,Buy,100.0,4683.5,0.0,4675.77,4683.5,773.0,76850.0,00:00:01:00,3.6,125,1512862,2026-02-02 15:25:00+00:00,2026-02-02 15:25:00+00:00
2026-02-02 18:15:00+00:00,2026-02-02 18:16:00+00:00,XAUUSD,Buy,100.0,4637.3,0.0,4635.86,4637.3,144.0,13950.0,00:00:01:00,0.63,124,1512896,2026-02-02 18:15:00+00:00,2026-02-02 18:15:00+00:00
2026-02-02 19:48:00+00:00,2026-02-02 19:51:00+00:00,XAUUSD,Buy,100.0,4710.8,0.0,4696.77,4710.8,1403.0,139850.0,00:00:03:00,6.29,123,1512914,2026-02-02 19:45:00+00:00,2026-02-02 19:45:00+00:00
2026-02-02 19:55:00+00:00,2026-02-02 19:55:00+00:00,XAUUSD,Buy,100.0,4689.8,0.0,4687.67,4689.8,213.0,20850.0,00:00:00:00,0.88,122,1512916,2026-02-02 19:55:00+00:00,2026-02-02 19:55:00+00:00
2026-02-02 19:57:00+00:00,2026-02-02 19:59:00+00:00,XAUUSD,Buy,100.0,4690.5,0.0,4679.27,4690.5,1123.0,111850.0,00:00:02:00,4.69,121,1512916,2026-02-02 19:55:00+00:00,2026-02-02 19:55:00+00:00
2026-02-02 20:47:00+00:00,2026-02-02 20:47:00+00:00,XAUUSD,Buy,100.0,4674.4,0.0,4671.57,4674.4,283.0,27850.0,00:00:00:00,1.12,120,1512926,2026-02-02 20:45:00+00:00,2026-02-02 20:45:00+00:00
2026-02-03 00:18:00+00:00,2026-02-03 00:18:00+00:00,XAUUSD,Buy,100.0,5364.6,0.0,5361.14,5364.6,346.0,34150.0,00:00:00:00,0.75,38,1512956,2026-02-03 00:15:00+00:00,2026-02-03 00:15:00+00:00
2026-02-03 10:03:00+00:00,2026-02-03 10:03:00+00:00,XAUUSD,Buy,100.0,5385.6,0.0,5385.64,5385.6,-4.0,-850.0,00:00:00:00,-0.02,37,1513073,2026-02-03 10:00:00+00:00,2026-02-03 10:00:00+00:00
2026-02-03 10:52:00+00:00,2026-02-03 10:53:00+00:00,XAUUSD,Buy,100.0,5391.9,0.0,5391.94,5391.9,-4.0,-850.0,00:00:01:00,-0.02,36,1513083,2026-02-03 10:50:00+00:00,2026-02-03 10:50:00+00:00
2026-02-03 14:23:00+00:00,2026-02-03 14:24:00+00:00,XAUUSD,Buy,100.0,5352.0,0.0,5349.93,5352.0,207.0,20250.0,00:00:01:00,0.44,35,1513125,2026-02-03 14:20:00+00:00,2026-02-03 14:20:00+00:00
2026-02-03 15:59:00+00:00,2026-02-03 16:00:00+00:00,XAUUSD,Buy,100.0,5317.0,0.0,5310.03,5317.0,697.0,69250.0,00:00:01:00,1.51,34,1513144,2026-02-03 15:55:00+00:00,2026-02-03 15:55:00+00:00
2026-03-01 23:44:00+00:00,2026-03-01 23:45:00+00:00,XAUUSD,Buy,100.0,4733.9,0.0,4732.47,4733.9,143.0,13850.0,00:00:01:00,0.55,119,1518115,2026-03-01 23:40:00+00:00,2026-03-01 23:40:00+00:00
2026-03-02 01:50:00+00:00,2026-03-02 01:50:00+00:00,XAUUSD,Buy,100.0,4825.48,0.0,4826.98,4825.48,-150.0,-15450.0,00:00:00:00,-0.61,118,1518141,2026-03-02 01:50:00+00:00,2026-03-02 01:50:00+00:00
2026-03-02 02:03:00+00:00,2026-03-02 02:03:00+00:00,XAUUSD,Buy,100.0,4831.9,0.0,4828.38,4831.9,352.0,34750.0,00:00:00:00,1.38,117,1518143,2026-03-02 02:00:00+00:00,2026-03-02 02:00:00+00:00
2026-03-02 09:19:00+00:00,2026-03-02 09:20:00+00:00,XAUUSD,Buy,100.0,4905.99,0.0,4907.49,4905.99,-150.0,-15450.0,00:00:01:00,-0.6,116,1518230,2026-03-02 09:15:00+00:00,2026-03-02 09:15:00+00:00
2026-03-02 11:03:00+00:00,2026-03-02 11:04:00+00:00,XAUUSD,Buy,100.0,4897.7,0.0,4892.09,4897.7,561.0,55650.0,00:00:01:00,2.19,115,1518251,2026-03-02 11:00:00+00:00,2026-03-02 11:00:00+00:00
2026-03-02 17:29:00+00:00,2026-03-02 17:33:00+00:00,XAUUSD,Buy,100.0,4960.0,0.0,4948.09,4960.0,1191.0,118650.0,00:00:04:00,4.57,114,1518328,2026-03-02 17:25:00+00:00,2026-03-02 17:25:00+00:00
2026-03-02 20:51:00+00:00,2026-03-02 20:53:00+00:00,XAUUSD,Buy,100.0,4940.4,0.0,4934.79,4940.4,561.0,55650.0,00:00:02:00,2.05,113,1518369,2026-03-02 20:50:00+00:00,2026-03-02 20:50:00+00:00
2026-03-03 01:48:00+00:00,2026-03-03 01:49:00+00:00,XAUUSD,Buy,100.0,5352.0,0.0,5346.43,5352.0,557.0,55250.0,00:00:01:00,1.18,33,1518416,2026-03-03 01:45:00+00:00,2026-03-03 01:45:00+00:00
2026-03-03 01:56:00+00:00,2026-03-03 01:56:00+00:00,XAUUSD,Buy,100.0,5350.6,0.0,5350.64,5350.6,-4.0,-850.0,00:00:00:00,-0.02,32,1518418,2026-03-03 01:55:00+00:00,2026-03-03 01:55:00+00:00
2026-03-03 05:17:00+00:00,2026-03-03 05:18:00+00:00,XAUUSD,Buy,100.0,5354.74,0.0,5356.24,5354.74,-150.0,-15450.0,00:00:01:00,-0.33,31,1518458,2026-03-03 05:15:00+00:00,2026-03-03 05:15:00+00:00
2026-03-03 05:33:00+00:00,2026-03-03 05:33:00+00:00,XAUUSD,Buy,100.0,5348.5,0.0,5348.53,5348.5,-3.0,-750.0,00:00:00:00,-0.02,30,1518461,2026-03-03 05:30:00+00:00,2026-03-03 05:30:00+00:00
2026-03-03 10:08:00+00:00,2026-03-03 10:08:00+00:00,XAUUSD,Buy,100.0,5274.53,0.0,5276.03,5274.53,-150.0,-15450.0,00:00:00:00,-0.33,29,1518516,2026-03-03 10:05:00+00:00,2026-03-03 10:05:00+00:00
2026-03-03 10:09:00+00:00,2026-03-03 10:10:00+00:00,XAUUSD,Buy,100.0,5273.6,0.0,5272.23,5273.6,137.0,13250.0,00:00:01:00,0.28,28,1518516,2026-03-03 10:05:00+00:00,2026-03-03 10:05:00+00:00
2026-03-03 11:06:00+00:00,2026-03-03 11:06:00+00:00,XAUUSD,Buy,100.0,5246.22,0.0,5247.72,5246.22,-150.0,-15450.0,00:00:00:00,-0.33,27,1518528,2026-03-03 11:05:00+00:00,2026-03-03 11:05:00+00:00
2026-03-03 11:08:00+00:00,2026-03-03 11:08:00+00:00,XAUUSD,Buy,100.0,5216.2,0.0,5209.22,5216.2,698.0,69350.0,00:00:00:00,1.48,26,1518528,2026-03-03 11:05:00+00:00,2026-03-03 11:05:00+00:00
2026-03-03 14:42:00+00:00,2026-03-03 14:42:00+00:00,XAUUSD,Buy,100.0,5086.7,0.0,5084.61,5086.7,209.0,20450.0,00:00:00:00,0.43,25,1518571,2026-03-03 14:40:00+00:00,2026-03-03 14:40:00+00:00
2026-03-03 15:09:00+00:00,2026-03-03 15:09:00+00:00,XAUUSD,Buy,100.0,5054.5,0.0,5049.6,5054.5,490.0,48550.0,00:00:00:00,1.02,24,1518576,2026-03-03 15:05:00+00:00,2026-03-03 15:05:00+00:00
2026-03-03 16:13:00+00:00,2026-03-03 16:14:00+00:00,XAUUSD,Buy,100.0,5106.3,0.0,5102.81,5106.3,349.0,34450.0,00:00:01:00,0.71,23,1518589,2026-03-03 16:10:00+00:00,2026-03-03 16:10:00+00:00
2026-03-03 16:40:00+00:00,2026-03-03 16:40:00+00:00,XAUUSD,Buy,100.0,5124.5,0.0,5119.61,5124.5,489.0,48450.0,00:00:00:00,1.0,22,1518595,2026-03-03 16:40:00+00:00,2026-03-03 16:40:00+00:00
2026-03-03 17:02:00+00:00,2026-03-03 17:03:00+00:00,XAUUSD,Buy,100.0,5094.4,0.0,5087.41,5094.4,699.0,69450.0,00:00:01:00,1.41,21,1518599,2026-03-03 17:00:00+00:00,2026-03-03 17:00:00+00:00
2026-04-02 00:22:00+00:00,2026-04-02 00:24:00+00:00,XAUUSD,Buy,100.0,5050.3,0.0,5035.6,5050.3,1470.0,146550.0,00:00:02:00,5.29,112,1523830,2026-03-30 19:55:00+00:00,2026-03-30 19:55:00+00:00
2026-04-02 02:19:00+00:00,2026-04-02 02:20:00+00:00,XAUUSD,Buy,100.0,5046.1,0.0,5041.9,5046.1,420.0,41550.0,00:00:01:00,1.42,111,1523830,2026-03-30 19:55:00+00:00,2026-03-30 19:55:00+00:00
2026-04-02 08:48:00+00:00,2026-04-02 08:48:00+00:00,XAUUSD,Buy,100.0,5051.29,0.0,5052.79,5051.29,-150.0,-15450.0,00:00:00:00,-0.52,110,1523830,2026-03-30 19:55:00+00:00,2026-03-30 19:55:00+00:00
2026-04-02 08:49:00+00:00,2026-04-02 08:51:00+00:00,XAUUSD,Buy,100.0,5062.2,0.0,5049.6,5062.2,1260.0,125550.0,00:00:02:00,4.26,109,1523830,2026-03-30 19:55:00+00:00,2026-03-30 19:55:00+00:00
2026-04-02 12:11:00+00:00,2026-04-02 12:12:00+00:00,XAUUSD,Buy,100.0,5031.4,0.0,5025.8,5031.4,560.0,55550.0,00:00:01:00,1.81,108,1523830,2026-03-30 19:55:00+00:00,2026-03-30 19:55:00+00:00
2026-04-02 15:21:00+00:00,2026-04-02 15:21:00+00:00,XAUUSD,Buy,100.0,4908.09,0.0,4909.59,4908.09,-150.0,-15450.0,00:00:00:00,-0.49,107,1523830,2026-03-30 19:55:00+00:00,2026-03-30 19:55:00+00:00
2026-04-02 16:47:00+00:00,2026-04-02 16:48:00+00:00,XAUUSD,Buy,100.0,4902.6,0.0,4899.09,4902.6,351.0,34650.0,00:00:01:00,1.11,106,1523830,2026-03-30 19:55:00+00:00,2026-03-30 19:55:00+00:00
2026-04-03 01:50:00+00:00,2026-04-03 01:51:00+00:00,XAUUSD,Buy,100.0,5170.0,0.0,5165.12,5170.0,488.0,48350.0,00:00:01:00,0.97,20,1523830,2026-03-30 19:55:00+00:00,2026-03-30 19:55:00+00:00
2026-04-03 07:56:00+00:00,2026-04-03 07:56:00+00:00,XAUUSD,Buy,100.0,5171.4,0.0,5171.42,5171.4,-2.0,-650.0,00:00:00:00,-0.01,19,1523830,2026-03-30 19:55:00+00:00,2026-03-30 19:55:00+00:00
2026-04-03 12:57:00+00:00,2026-04-03 12:58:00+00:00,XAUUSD,Buy,100.0,5174.9,0.0,5174.92,5174.9,-2.0,-650.0,00:00:01:00,-0.01,18,1523830,2026-03-30 19:55:00+00:00,2026-03-30 19:55:00+00:00
2026-04-03 15:24:00+00:00,2026-04-03 15:24:00+00:00,XAUUSD,Buy,100.0,5140.11,0.0,5141.61,5140.11,-150.0,-15450.0,00:00:00:00,-0.31,17,1523830,2026-03-30 19:55:00+00:00,2026-03-30 19:55:00+00:00
2026-04-03 15:25:00+00:00,2026-04-03 15:26:00+00:00,XAUUSD,Buy,100.0,5151.1,0.0,5140.61,5151.1,1049.0,104450.0,00:00:01:00,2.08,16,1523830,2026-03-30 19:55:00+00:00,2026-03-30 19:55:00+00:00
2026-04-03 17:41:00+00:00,2026-04-03 17:45:00+00:00,XAUUSD,Buy,100.0,5124.5,0.0,5111.21,5124.5,1329.0,132450.0,00:00:04:00,2.59,15,1523830,2026-03-30 19:55:00+00:00,2026-03-30 19:55:00+00:00
2026-05-01 00:52:00+00:00,2026-05-01 00:55:00+00:00,XAUUSD,Buy,18.88,4398.6,0.0,4393.64,4398.6,496.0,9279.52,00:00:03:00,3.28,198,1523830,2026-03-30 19:55:00+00:00,2026-03-30 19:55:00+00:00
2026-05-01 10:28:00+00:00,2026-05-01 10:29:00+00:00,XAUUSD,Buy,19.5,4416.8,0.0,4413.24,4416.8,356.0,6854.25,00:00:01:00,2.34,197,1523830,2026-03-30 19:55:00+00:00,2026-03-30 19:55:00+00:00
2026-05-01 16:01:00+00:00,2026-05-01 16:01:00+00:00,XAUUSD,Buy,19.95,4439.74,0.0,4441.24,4439.74,-150.0,-3082.28,00:00:00:00,-1.03,196,1523830,2026-03-30 19:55:00+00:00,2026-03-30 19:55:00+00:00
2026-05-01 18:09:00+00:00,2026-05-01 18:10:00+00:00,XAUUSD,Buy,19.75,4435.54,0.0,4437.05,4435.54,-151.0,-3071.13,00:00:01:00,-1.04,195,1523830,2026-03-30 19:55:00+00:00,2026-03-30 19:55:00+00:00
2026-05-01 18:10:00+00:00,2026-05-01 18:13:00+00:00,XAUUSD,Buy,19.59,4439.9,0.0,4436.34,4439.9,356.0,6885.88,00:00:03:00,2.35,194,1523830,2026-03-30 19:55:00+00:00,2026-03-30 19:55:00+00:00
2026-05-02 00:13:00+00:00,2026-05-02 00:13:00+00:00,XAUUSD,Buy,100.0,4980.3,0.0,4977.5,4980.3,280.0,27550.0,00:00:00:00,0.88,105,1523830,2026-03-30 19:55:00+00:00,2026-03-30 19:55:00+00:00
2026-05-02 01:48:00+00:00,2026-05-02 01:48:00+00:00,XAUUSD,Buy,100.0,4865.5,0.0,4842.38,4865.5,2312.0,230750.0,00:00:00:00,7.27,104,1523830,2026-03-30 19:55:00+00:00,2026-03-30 19:55:00+00:00
2026-05-02 04:15:00+00:00,2026-05-02 04:15:00+00:00,XAUUSD,Buy,100.0,4854.3,0.0,4850.79,4854.3,351.0,34650.0,00:00:00:00,1.02,103,1523830,2026-03-30 19:55:00+00:00,2026-03-30 19:55:00+00:00
2026-05-02 04:48:00+00:00,2026-05-02 04:49:00+00:00,XAUUSD,Buy,100.0,4895.6,0.0,4889.29,4895.6,631.0,62650.0,00:00:01:00,1.82,102,1523830,2026-03-30 19:55:00+00:00,2026-03-30 19:55:00+00:00
2026-05-02 04:57:00+00:00,2026-05-02 04:57:00+00:00,XAUUSD,Buy,100.0,4891.4,0.0,4890.69,4891.4,71.0,6650.0,00:00:00:00,0.19,101,1523830,2026-03-30 19:55:00+00:00,2026-03-30 19:55:00+00:00
2026-05-02 08:15:00+00:00,2026-05-02 08:16:00+00:00,XAUUSD,Buy,100.0,4866.2,0.0,4864.79,4866.2,141.0,13650.0,00:00:01:00,0.39,100,1523830,2026-03-30 19:55:00+00:00,2026-03-30 19:55:00+00:00
2026-05-02 08:52:00+00:00,2026-05-02 08:52:00+00:00,XAUUSD,Buy,100.0,4868.19,0.0,4869.69,4868.19,-150.0,-15450.0,00:00:00:00,-0.44,99,1523830,2026-03-30 19:55:00+00:00,2026-03-30 19:55:00+00:00
2026-05-02 09:55:00+00:00,2026-05-02 09:56:00+00:00,XAUUSD,Buy,100.0,4875.3,0.0,4873.89,4875.3,141.0,13650.0,00:00:01:00,0.39,98,1523830,2026-03-30 19:55:00+00:00,2026-03-30 19:55:00+00:00
2026-05-02 12:59:00+00:00,2026-05-02 13:00:00+00:00,XAUUSD,Buy,100.0,4833.3,0.0,4829.08,4833.3,422.0,41750.0,00:00:01:00,1.19,97,1523830,2026-03-30 19:55:00+00:00,2026-03-30 19:55:00+00:00
2026-05-02 17:56:00+00:00,2026-05-02 17:57:00+00:00,XAUUSD,Buy,100.0,4854.3,0.0,4854.29,4854.3,1.0,-350.0,00:00:01:00,-0.01,96,1523830,2026-03-30 19:55:00+00:00,2026-03-30 19:55:00+00:00
2026-05-03 12:22:00+00:00,2026-05-03 12:22:00+00:00,XAUUSD,Buy,100.0,5113.91,0.0,5115.41,5113.91,-150.0,-15450.0,00:00:00:00,-0.29,14,1523830,2026-03-30 19:55:00+00:00,2026-03-30 19:55:00+00:00
2026-05-03 13:40:00+00:00,2026-05-03 13:41:00+00:00,XAUUSD,Buy,100.0,5107.0,0.0,5091.61,5107.0,1539.0,153450.0,00:00:01:00,2.93,13,1523830,2026-03-30 19:55:00+00:00,2026-03-30 19:55:00+00:00
2026-05-03 14:27:00+00:00,2026-05-03 14:27:00+00:00,XAUUSD,Buy,100.0,5076.9,0.0,5076.21,5076.9,69.0,6450.0,00:00:00:00,0.12,12,1523830,2026-03-30 19:55:00+00:00,2026-03-30 19:55:00+00:00
2026-05-31 22:17:00+00:00,2026-05-31 22:19:00+00:00,XAUUSD,Buy,20.0,4451.8,0.0,4450.34,4451.8,146.0,2830.0,00:00:02:00,0.94,193,1523830,2026-03-30 19:55:00+00:00,2026-03-30 19:55:00+00:00
2026-06-01 18:18:00+00:00,2026-06-01 18:23:00+00:00,XAUUSD,Buy,20.19,4482.6,0.0,4479.75,4482.6,285.0,5663.29,00:00:05:00,1.87,192,1523830,2026-03-30 19:55:00+00:00,2026-03-30 19:55:00+00:00
2026-06-01 22:45:00+00:00,2026-06-01 22:45:00+00:00,XAUUSD,Buy,100.0,4740.77,0.0,4742.27,4740.77,-150.0,-15450.0,00:00:00:00,-0.43,95,1523830,2026-03-30 19:55:00+00:00,2026-03-30 19:55:00+00:00
2026-06-02 02:00:00+00:00,2026-06-02 02:00:00+00:00,XAUUSD,Buy,100.0,4816.38,0.0,4817.88,4816.38,-150.0,-15450.0,00:00:00:00,-0.44,94,1523830,2026-03-30 19:55:00+00:00,2026-03-30 19:55:00+00:00
2026-06-02 05:35:00+00:00,2026-06-02 05:35:00+00:00,XAUUSD,Buy,100.0,4844.38,0.0,4845.88,4844.38,-150.0,-15450.0,00:00:00:00,-0.44,93,1523830,2026-03-30 19:55:00+00:00,2026-03-30 19:55:00+00:00
2026-06-02 13:41:00+00:00,2026-06-02 13:41:00+00:00,XAUUSD,Buy,100.0,4929.09,0.0,4930.59,4929.09,-150.0,-15450.0,00:00:00:00,-0.44,92,1523830,2026-03-30 19:55:00+00:00,2026-03-30 19:55:00+00:00
2026-06-02 15:17:00+00:00,2026-06-02 15:19:00+00:00,XAUUSD,Buy,100.0,4943.9,0.0,4933.39,4943.9,1051.0,104650.0,00:00:02:00,2.99,91,1523830,2026-03-30 19:55:00+00:00,2026-03-30 19:55:00+00:00
2026-06-03 00:14:00+00:00,2026-06-03 00:16:00+00:00,XAUUSD,Buy,100.0,5076.9,0.0,5077.61,5076.9,-71.0,-7550.0,00:00:02:00,-0.14,11,1523830,2026-03-30 19:55:00+00:00,2026-03-30 19:55:00+00:00
2026-06-03 04:02:00+00:00,2026-06-03 04:06:00+00:00,XAUUSD,Buy,100.0,5129.4,0.0,5125.91,5129.4,349.0,34450.0,00:00:04:00,0.64,10,1523830,2026-03-30 19:55:00+00:00,2026-03-30 19:55:00+00:00
2026-06-03 15:24:00+00:00,2026-06-03 15:25:00+00:00,XAUUSD,Buy,100.0,5139.11,0.0,5140.61,5139.11,-150.0,-15450.0,00:00:01:00,-0.28,9,1523830,2026-03-30 19:55:00+00:00,2026-03-30 19:55:00+00:00
2026-07-01 12:09:00+00:00,2026-07-01 12:09:00+00:00,XAUUSD,Buy,20.57,4432.74,0.0,4434.24,4432.74,-150.0,-3178.07,00:00:00:00,-1.03,191,1523830,2026-03-30 19:55:00+00:00,2026-03-30 19:55:00+00:00
2026-08-01 00:47:00+00:00,2026-08-01 00:50:00+00:00,XAUUSD,Buy,20.36,4446.2,0.0,4445.44,4446.2,76.0,1455.74,00:00:03:00,0.48,190,1523830,2026-03-30 19:55:00+00:00,2026-03-30 19:55:00+00:00
2026-08-01 01:31:00+00:00,2026-08-01 01:33:00+00:00,XAUUSD,Buy,20.45,4437.64,0.0,4439.14,4437.64,-150.0,-3159.53,00:00:02:00,-1.03,189,1523830,2026-03-30 19:55:00+00:00,2026-03-30 19:55:00+00:00
2026-08-01 09:21:00+00:00,2026-08-01 09:28:00+00:00,XAUUSD,Buy,20.24,4425.2,0.0,4423.74,4425.2,146.0,2863.96,00:00:07:00,0.94,188,1523830,2026-03-30 19:55:00+00:00,2026-03-30 19:55:00+00:00
2026-08-01 17:11:00+00:00,2026-08-01 17:12:00+00:00,XAUUSD,Buy,20.43,4453.05,0.0,4454.55,4453.05,-150.0,-3156.44,00:00:01:00,-1.03,187,1523830,2026-03-30 19:55:00+00:00,2026-03-30 19:55:00+00:00
2026-08-31 23:29:00+00:00,2026-08-31 23:32:00+00:00,XAUUSD,Buy,20.22,4464.25,0.0,4465.75,4464.25,-150.0,-3123.99,00:00:03:00,-1.03,186,1523830,2026-03-30 19:55:00+00:00,2026-03-30 19:55:00+00:00
2026-09-01 23:49:00+00:00,2026-09-01 23:49:00+00:00,XAUUSD,Buy,100.0,5013.1,0.0,5014.6,5013.1,-150.0,-15450.0,00:00:00:00,-0.43,90,1523830,2026-03-30 19:55:00+00:00,2026-03-30 19:55:00+00:00
2026-09-02 02:58:00+00:00,2026-09-02 03:00:00+00:00,XAUUSD,Buy,100.0,5015.3,0.0,5014.6,5015.3,70.0,6550.0,00:00:02:00,0.18,89,1523830,2026-03-30 19:55:00+00:00,2026-03-30 19:55:00+00:00
2026-09-02 04:46:00+00:00,2026-09-02 04:48:00+00:00,XAUUSD,Buy,100.0,5027.9,0.0,5026.5,5027.9,140.0,13550.0,00:00:02:00,0.38,88,1523830,2026-03-30 19:55:00+00:00,2026-03-30 19:55:00+00:00
2026-09-02 08:38:00+00:00,2026-09-02 08:38:00+00:00,XAUUSD,Buy,100.0,5015.9,0.0,5017.4,5015.9,-150.0,-15450.0,00:00:00:00,-0.43,87,1523830,2026-03-30 19:55:00+00:00,2026-03-30 19:55:00+00:00
2026-09-02 09:28:00+00:00,2026-09-02 09:29:00+00:00,XAUUSD,Buy,100.0,4991.5,0.0,4988.0,4991.5,350.0,34550.0,00:00:01:00,0.96,86,1523830,2026-03-30 19:55:00+00:00,2026-03-30 19:55:00+00:00
2026-09-02 10:00:00+00:00,2026-09-02 10:01:00+00:00,XAUUSD,Buy,100.0,4990.8,0.0,4990.1,4990.8,70.0,6550.0,00:00:01:00,0.18,85,1523830,2026-03-30 19:55:00+00:00,2026-03-30 19:55:00+00:00
2026-09-02 19:37:00+00:00,2026-09-02 19:39:00+00:00,XAUUSD,Buy,100.0,5076.2,0.0,5074.81,5076.2,139.0,13450.0,00:00:02:00,0.37,84,1523830,2026-03-30 19:55:00+00:00,2026-03-30 19:55:00+00:00
2026-09-02 22:42:00+00:00,2026-09-02 22:43:00+00:00,XAUUSD,Buy,100.0,5124.5,0.0,5117.51,5124.5,699.0,69450.0,00:00:01:00,1.28,8,1523830,2026-03-30 19:55:00+00:00,2026-03-30 19:55:00+00:00
2026-09-03 00:48:00+00:00,2026-09-03 00:49:00+00:00,XAUUSD,Buy,100.0,5045.4,0.0,5035.6,5045.4,980.0,97550.0,00:00:01:00,1.78,7,1523830,2026-03-30 19:55:00+00:00,2026-03-30 19:55:00+00:00
2026-09-03 05:58:00+00:00,2026-09-03 05:59:00+00:00,XAUUSD,Buy,100.0,5124.5,0.0,5121.71,5124.5,279.0,27450.0,00:00:01:00,0.49,6,1523830,2026-03-30 19:55:00+00:00,2026-03-30 19:55:00+00:00
2026-09-03 08:24:00+00:00,2026-09-03 08:25:00+00:00,XAUUSD,Buy,100.0,5097.9,0.0,5096.51,5097.9,139.0,13450.0,00:00:01:00,0.24,5,1523830,2026-03-30 19:55:00+00:00,2026-03-30 19:55:00+00:00
2026-09-03 09:45:00+00:00,2026-09-03 09:45:00+00:00,XAUUSD,Buy,100.0,5103.07,0.0,5104.57,5103.07,-150.0,-15450.0,00:00:00:00,-0.28,4,1523830,2026-03-30 19:55:00+00:00,2026-03-30 19:55:00+00:00
2026-09-03 09:46:00+00:00,2026-09-03 09:48:00+00:00,XAUUSD,Buy,100.0,5104.2,0.0,5098.61,5104.2,559.0,55450.0,00:00:02:00,0.99,3,1523830,2026-03-30 19:55:00+00:00,2026-03-30 19:55:00+00:00
2026-09-03 12:56:00+00:00,2026-09-03 12:57:00+00:00,XAUUSD,Buy,100.0,5096.5,0.0,5095.81,5096.5,69.0,6450.0,00:00:01:00,0.11,2,1523830,2026-03-30 19:55:00+00:00,2026-03-30 19:55:00+00:00
2026-09-03 16:18:00+00:00,2026-09-03 16:19:00+00:00,XAUUSD,Buy,100.0,5096.41,0.0,5097.91,5096.41,-150.0,-15450.0,00:00:01:00,-0.27,1,1523830,2026-03-30 19:55:00+00:00,2026-03-30 19:55:00+00:00
2026-10-02 13:39:00+00:00,2026-10-02 13:40:00+00:00,XAUUSD,Buy,100.0,5063.6,0.0,5061.51,5063.6,209.0,20450.0,00:00:01:00,0.56,83,1523830,2026-03-30 19:55:00+00:00,2026-03-30 19:55:00+00:00
2026-10-02 16:57:00+00:00,2026-10-02 16:59:00+00:00,XAUUSD,Buy,100.0,5027.2,0.0,5027.2,5027.2,0.0,-450.0,00:00:02:00,-0.01,82,1523830,2026-03-30 19:55:00+00:00,2026-03-30 19:55:00+00:00
2026-10-03 07:24:00+00:00,2026-10-03 07:31:00+00:00,XAUUSD,Buy,100.0,5169.3,0.0,5160.22,5169.3,908.0,90350.0,00:00:07:00,1.6,0,1523830,2026-03-30 19:55:00+00:00,2026-03-30 19:55:00+00:00
2026-11-02 09:55:00+00:00,2026-11-02 10:02:00+00:00,XAUUSD,Buy,100.0,5064.3,0.0,5061.51,5064.3,279.0,27450.0,00:00:07:00,0.75,81,1523830,2026-03-30 19:55:00+00:00,2026-03-30 19:55:00+00:00
2026-11-02 12:05:00+00:00,2026-11-02 12:06:00+00:00,XAUUSD,Buy,100.0,5104.81,0.0,5106.31,5104.81,-150.0,-15450.0,00:00:01:00,-0.42,80,1523830,2026-03-30 19:55:00+00:00,2026-03-30 19:55:00+00:00
2026-11-02 12:36:00+00:00,2026-11-02 12:38:00+00:00,XAUUSD,Buy,100.0,5085.3,0.0,5082.51,5085.3,279.0,27450.0,00:00:02:00,0.75,79,1523830,2026-03-30 19:55:00+00:00,2026-03-30 19:55:00+00:00
2026-11-02 18:14:00+00:00,2026-11-02 18:15:00+00:00,XAUUSD,Buy,100.0,5073.4,0.0,5069.21,5073.4,419.0,41450.0,00:00:01:00,1.12,78,1523830,2026-03-30 19:55:00+00:00,2026-03-30 19:55:00+00:00
2026-12-01 14:28:00+00:00,2026-12-01 14:29:00+00:00,XAUUSD,Buy,20.01,4591.1,0.0,4587.56,4591.1,354.0,6993.49,00:00:01:00,2.33,185,1523830,2026-03-30 19:55:00+00:00,2026-03-30 19:55:00+00:00
2026-12-01 16:41:00+00:00,2026-12-01 16:42:00+00:00,XAUUSD,Buy,20.48,4611.4,0.0,4609.96,4611.4,144.0,2856.96,00:00:01:00,0.93,184,1523830,2026-03-30 19:55:00+00:00,2026-03-30 19:55:00+00:00
2026-12-01 20:10:00+00:00,2026-12-01 20:12:00+00:00,XAUUSD,Buy,20.67,4602.3,0.0,4602.26,4602.3,4.0,-10.34,00:00:02:00,0.0,183,1523830,2026-03-30 19:55:00+00:00,2026-03-30 19:55:00+00:00
2026-12-01 20:46:00+00:00,2026-12-01 20:55:00+00:00,XAUUSD,Buy,20.67,4596.7,0.0,4593.16,4596.7,354.0,7224.16,00:00:09:00,2.33,182,1523830,2026-03-30 19:55:00+00:00,2026-03-30 19:55:00+00:00
