Open Date,Close Date,Symbol,Action,Lots,Open Price,Close Price,Profit,Pips
2026.05.29 18:05:02,2026.05.29 20:43:08,XAUUSD,BUY,0.02,4579.51,4556.23,-46.56,-2328.0000000000655
2026.05.29 18:04:57,2026.05.29 18:11:14,XAUUSD,BUY,0.01,4578.34,4593.96,15.62,1561.999999999989
2026.05.29 18:04:57,2026.05.29 18:11:14,XAUUSD,BUY,0.01,4578.34,4593.07,14.73,1472.9999999999563
2026.05.29 18:05:02,2026.05.29 18:06:00,XAUUSD,BUY,0.01,4580.2,4574.89,-5.31,-530.9999999999491
2026.05.27 13:46:14,2026.05.27 15:21:24,XAUUSD,SELL,0.02,4457.27,4454.57,5.4,270.00000000007276
2026.05.27 13:46:17,2026.05.27 15:19:14,XAUUSD,SELL,0.04,4455.02,4453.12,7.6,190.00000000005457
2026.05.27 13:46:15,2026.05.27 15:19:13,XAUUSD,SELL,0.02,4456.74,4450.83,11.82,590.9999999999854
2026.05.27 13:46:15,2026.05.27 15:18:17,XAUUSD,SELL,0.03,4456.58,4438.28,54.9,1830.0000000000182
2026.05.27 13:46:17,2026.05.27 14:42:22,XAUUSD,SELL,0.01,4456.71,4442.53,14.18,1418.000000000029
2026.05.27 13:46:15,2026.05.27 14:23:15,XAUUSD,SELL,0.01,4456.74,4440.88,15.86,1585.9999999999673
2026.05.26 02:10:37,2026.05.26 03:19:54,XAUUSD,BUY,0.01,4578.22,4546.54,-31.68,-3168.000000000029
2026.05.25 02:03:32,2026.05.25 02:58:31,XAUUSD,BUY,0.01,4568.52,4570.02,1.5,150.0
2026.05.25 02:06:04,2026.05.25 02:58:31,XAUUSD,BUY,0.01,4568.53,4570.04,1.51,151.00000000002183
2026.05.25 02:06:13,2026.05.25 02:58:31,XAUUSD,BUY,0.01,4568.59,4570.06,1.47,147.00000000002547
2026.05.25 02:07:14,2026.05.25 02:57:08,XAUUSD,BUY,0.01,4571.61,4572.19,0.58,57.999999999992724
2026.05.19 16:31:21,2026.05.19 16:55:00,XAUUSD,SELL,0.02,4481.53,4504.69,-46.32,-2315.9999999999854
2026.05.19 16:31:21,2026.05.19 16:32:51,XAUUSD,SELL,0.01,4481.53,4481.97,-0.44,-44.00000000005093
2026.05.19 16:31:21,2026.05.19 16:31:44,XAUUSD,SELL,0.01,4481.23,4466.32,14.91,1490.9999999999854
2026.05.19 16:31:21,2026.05.19 16:31:39,XAUUSD,SELL,0.01,4481.53,4467.28,14.25,1425.0
2026.05.18 03:33:58,2026.05.18 03:56:34,XAUUSD,SELL,0.03,4501.49,4499.27,6.66,221.99999999993452
2026.05.18 03:33:58,2026.05.18 03:49:27,XAUUSD,SELL,0.01,4502.3,4496.5,5.8,580.0000000000182
2026.05.18 03:33:58,2026.05.18 03:36:12,XAUUSD,SELL,0.03,4502.45,4502.72,-0.81,-27.000000000043656
2026.05.15 03:25:17,2026.05.18 03:34:12,XAUUSD,SELL,0.02,4641.06,4494.44,293.24,14662.00000000008
2026.05.15 03:25:18,2026.05.15 03:43:42,XAUUSD,SELL,0.01,4639.88,4613.96,25.92,2592.0000000000073
2026.05.15 03:25:18,2026.05.15 03:30:54,XAUUSD,SELL,0.01,4639.88,4623.13,16.75,1675.0
2026.05.15 03:25:18,2026.05.15 03:30:54,XAUUSD,SELL,0.01,4640.18,4623.88,16.3,1630.0000000000182
2026.05.12 18:22:47,2026.05.12 18:26:13,XAUUSD,SELL,0.01,4650.78,4650.24,0.54,53.99999999999636
2026.05.12 18:22:46,2026.05.12 18:25:33,XAUUSD,SELL,0.01,4650.78,4649.12,1.66,165.99999999998545
2026.05.12 18:22:47,2026.05.12 18:25:33,XAUUSD,SELL,0.01,4648.95,4647.8,1.15,114.99999999996362
2026.05.12 02:52:24,2026.05.12 04:26:02,XAUUSD,BUY,0.02,4764.03,4740.23,-47.6,-2380.000000000018
2026.05.12 02:52:18,2026.05.12 03:23:10,XAUUSD,BUY,0.03,4762.04,4761.58,-1.38,-46.00000000000364
2026.05.12 02:52:19,2026.05.12 03:22:35,XAUUSD,BUY,0.01,4763.38,4764.9,1.52,151.9999999999527
2026.05.12 02:52:38,2026.05.12 03:22:35,XAUUSD,BUY,0.01,4765.62,4766.06,0.44,44.00000000005093
2026.05.12 02:52:19,2026.05.12 03:00:23,XAUUSD,BUY,0.01,4763.38,4764.72,1.34,134.00000000001455
2026.05.06 08:56:29,2026.05.06 15:01:47,XAUUSD,BUY,0.02,4659.84,4684.91,50.14,2506.999999999971
2026.05.06 08:56:31,2026.05.06 09:42:00,XAUUSD,BUY,0.01,4661.17,4661.19,0.02,1.9999999999527063
2026.05.06 08:56:28,2026.05.06 09:04:50,XAUUSD,BUY,0.01,4658.35,4659.65,1.3,129.99999999992724
2026.05.06 08:56:28,2026.05.06 09:04:50,XAUUSD,BUY,0.01,4658.35,4659.74,1.39,138.9999999999418
2026.05.04 19:08:00,2026.05.05 08:55:09,XAUUSD,SELL,0.01,4511.34,4544.91,-33.57,-3356.999999999971
2026.05.04 19:08:00,2026.05.05 08:43:00,XAUUSD,SELL,0.01,4511.34,4551.61,-40.27,-4026.9999999999527
2026.05.04 19:08:00,2026.05.05 04:05:00,XAUUSD,SELL,0.02,4511.34,4534.7,-46.72,-2335.9999999999673
2026.05.04 19:08:00,2026.05.04 20:17:20,XAUUSD,SELL,0.03,4511.34,4529.66,-54.96,-1831.999999999971
2026.05.04 19:08:00,2026.05.04 19:11:26,XAUUSD,SELL,0.01,4511.34,4510.03,1.31,131.00000000004002
2026.05.04 13:03:52,2026.05.04 13:18:23,XAUUSD,SELL,0.01,4562.42,4535.53,26.89,2689.0000000000327
2026.05.01 17:12:18,2026.05.01 17:19:12,XAUUSD,BUY,0.01,4646.22,4649.82,3.6,359.99999999994543
2026.05.01 17:12:20,2026.05.01 17:18:54,XAUUSD,BUY,0.01,4650.99,4651.26,0.27,27.000000000043656
2026.05.01 17:12:18,2026.05.01 17:13:38,XAUUSD,BUY,0.01,4646.22,4660.25,14.03,1402.9999999999745
2026.04.29 12:50:12,2026.04.29 16:01:59,XAUUSD,SELL,0.01,4556.27,4551.51,4.76,476.0000000000218
2026.04.28 08:06:16,2026.04.28 15:20:46,XAUUSD,SELL,0.01,4658.14,4597.88,60.26,6026.000000000022
2026.04.28 08:30:22,2026.04.28 09:08:26,XAUUSD,SELL,0.01,4646.5,4640.64,5.86,585.9999999999673
2026.04.28 08:06:16,2026.04.28 08:20:13,XAUUSD,SELL,0.01,4658.14,4657.76,0.38,38.000000000010914
2026.04.28 08:06:16,2026.04.28 08:20:11,XAUUSD,SELL,0.01,4658.14,4656.71,1.43,143.0000000000291
2026.04.28 08:06:17,2026.04.28 08:20:11,XAUUSD,SELL,0.01,4658.14,4656.99,1.15,115.00000000005457
2026.04.23 20:45:28,2026.04.23 21:00:00,XAUUSD,SELL,0.01,4671.4,4710.61,-39.21,-3921.0000000000036
2026.04.23 20:46:41,2026.04.23 21:00:00,XAUUSD,SELL,0.01,4668.18,4710.13,-41.95,-4194.999999999982
2026.04.23 20:45:28,2026.04.23 21:00:00,XAUUSD,SELL,0.01,4671.4,4710.03,-38.63,-3863.000000000011
2026.04.23 20:45:27,2026.04.23 20:53:18,XAUUSD,SELL,0.02,4671.19,4694.97,-47.56,-2378.0000000000655
2026.04.21 17:46:39,2026.04.21 23:24:27,XAUUSD,SELL,0.02,4738.08,4711.75,52.66,2632.9999999999927
2026.04.21 17:46:40,2026.04.21 19:28:31,XAUUSD,SELL,0.01,4731.72,4720.99,10.73,1073.0000000000473
2026.04.21 17:46:39,2026.04.21 17:53:35,XAUUSD,SELL,0.01,4737.53,4737.19,0.34,34.00000000001455
2026.04.21 17:46:39,2026.04.21 17:48:21,XAUUSD,SELL,0.01,4737.53,4724.31,13.22,1321.9999999999345
2026.04.17 16:10:54,2026.04.17 23:05:00,XAUUSD,BUY,0.01,4875.48,4850.09,-25.39,-2538.999999999942
2026.04.17 16:10:56,2026.04.17 16:15:57,XAUUSD,BUY,0.01,4877.29,4877.84,0.55,55.00000000001819
2026.04.17 16:10:53,2026.04.17 16:13:25,XAUUSD,BUY,0.01,4870.06,4888.64,18.58,1857.9999999999927
2026.04.17 16:10:51,2026.04.17 16:13:13,XAUUSD,BUY,0.01,4869.22,4884.02,14.8,1480.0000000000182
2026.04.17 15:48:14,2026.04.17 15:49:00,XAUUSD,BUY,0.01,4840.25,4831.3,-8.95,-894.9999999999818
2026.04.15 04:16:11,2026.04.15 05:30:49,XAUUSD,BUY,0.02,4856.95,4832.08,-49.74,-2486.999999999989
2026.04.15 04:16:12,2026.04.15 04:20:49,XAUUSD,BUY,0.01,4857.28,4855.46,-1.82,-181.9999999999709
2026.04.15 04:16:05,2026.04.15 04:17:49,XAUUSD,BUY,0.01,4854.1,4871.24,17.14,1713.9999999999418
2026.04.15 04:16:05,2026.04.15 04:17:01,XAUUSD,BUY,0.01,4855.46,4870.5,15.04,1503.9999999999964
2026.04.14 16:38:28,2026.04.14 17:39:19,XAUUSD,BUY,0.01,4803.41,4803.82,0.41,40.99999999998545
2026.04.14 16:38:08,2026.04.14 17:33:04,XAUUSD,BUY,0.01,4798.82,4814.33,15.51,1551.0000000000218
2026.04.08 01:54:40,2026.04.08 02:00:46,XAUUSD,BUY,0.02,4799.38,4803.6,8.44,422.00000000002547
2026.04.08 01:54:40,2026.04.08 02:00:37,XAUUSD,BUY,0.01,4799.38,4809.56,10.18,1018.0000000000291
2026.04.08 01:54:40,2026.04.08 01:56:22,XAUUSD,BUY,0.01,4799.38,4815.14,15.76,1576.0000000000218
2026.04.08 01:54:40,2026.04.08 01:56:16,XAUUSD,BUY,0.01,4800.6,4812.94,12.34,1233.9999999999236
2026.04.07 22:45:55,2026.04.08 01:02:01,XAUUSD,BUY,0.01,4712.23,4741.54,29.31,2931.00000000004
2026.04.07 22:45:56,2026.04.07 23:44:06,XAUUSD,BUY,0.01,4708.31,4708.03,-0.28,-28.000000000065484
2026.04.07 22:45:56,2026.04.07 22:47:13,XAUUSD,BUY,0.01,4708.31,4709.7,1.39,138.9999999999418
2026.03.31 04:41:13,2026.03.31 04:47:01,XAUUSD,BUY,0.01,4603.36,4603.6,0.24,24.00000000006912
2026.03.31 04:41:13,2026.03.31 04:46:44,XAUUSD,BUY,0.02,4602.95,4608.56,11.22,561.0000000000582
2026.03.31 04:41:11,2026.03.31 04:43:59,XAUUSD,BUY,0.01,4603.08,4617.7,14.62,1461.999999999989
2026.03.31 04:41:11,2026.03.31 04:43:56,XAUUSD,BUY,0.01,4603.08,4615.45,12.37,1236.999999999989
2026.03.23 03:15:36,2026.03.23 03:19:15,XAUUSD,SELL,0.03,4403.42,4431.38,-83.88,-2796.0000000000036
2026.03.20 21:50:34,2026.03.20 21:57:08,XAUUSD,SELL,0.01,4501.47,4478.33,23.14,2314.0000000000327
2026.03.20 21:50:35,2026.03.20 21:55:36,XAUUSD,SELL,0.01,4501.47,4487.63,13.84,1384.0000000000146
2026.03.20 21:50:33,2026.03.20 21:55:34,XAUUSD,SELL,0.01,4502.45,4489.57,12.88,1288.000000000011
2026.03.18 13:35:36,2026.03.18 23:28:23,XAUUSD,SELL,0.01,4970.76,4815.66,155.1,15510.000000000036
2026.03.18 13:35:38,2026.03.18 14:14:35,XAUUSD,SELL,0.01,4967.37,4966.96,0.41,40.99999999998545
2026.03.18 13:35:38,2026.03.18 14:08:27,XAUUSD,SELL,0.01,4967.37,4952.27,15.1,1509.9999999999454
2026.03.18 13:35:37,2026.03.18 14:06:27,XAUUSD,SELL,0.01,4969.65,4953.68,15.97,1596.9999999999345
2026.03.13 22:47:24,2026.03.16 01:22:52,XAUUSD,SELL,0.01,5012.61,5011.04,1.5699999999999998,156.9999999999709
2026.03.13 22:47:23,2026.03.16 01:02:00,XAUUSD,SELL,0.01,5012.61,5016.04,-3.43,-343.0000000000291
2026.03.13 22:47:23,2026.03.13 22:59:29,XAUUSD,SELL,0.01,5012.61,5015.89,-3.28,-328.0000000000655
2026.03.13 22:47:21,2026.03.13 22:59:27,XAUUSD,SELL,0.01,5012.16,5015.9,-3.74,-373.9999999999782
2026.03.10 16:01:19,2026.03.10 16:26:16,XAUUSD,BUY,0.01,5197.81,5226.78,28.97,2896.9999999999345
2026.03.10 16:00:52,2026.03.10 16:18:50,XAUUSD,BUY,0.01,5197.23,5213.48,16.25,1625.0
2026.03.10 16:00:52,2026.03.10 16:18:50,XAUUSD,BUY,0.01,5197.23,5212.89,15.66,1566.0000000000764
2026.03.09 02:42:58,2026.03.09 03:15:04,XAUUSD,SELL,0.01,5049.28,5037.44,11.84,1184.0000000000146
2026.03.09 02:42:58,2026.03.09 03:13:40,XAUUSD,SELL,0.01,5049.28,5035.92,13.36,1335.9999999999673
2026.03.09 02:42:58,2026.03.09 03:13:31,XAUUSD,SELL,0.01,5049.28,5036.77,12.51,1250.9999999999309
2026.03.03 13:31:39,2026.03.03 13:33:56,XAUUSD,SELL,0.01,5093.3,5095.87,-2.57,-256.9999999999709
2026.03.03 13:31:39,2026.03.03 13:32:33,XAUUSD,SELL,0.01,5093.3,5086.95,6.35,635.0000000000364
2026.03.03 13:29:46,2026.03.03 13:31:39,XAUUSD,SELL,0.01,5124.77,5095.3,29.47,2947.0000000000255
2026.03.03 13:29:47,2026.03.03 13:31:18,XAUUSD,SELL,0.01,5124.77,5116.87,7.9,790.0000000000546
2026.03.03 13:29:47,2026.03.03 13:29:52,XAUUSD,SELL,0.01,5124.77,5122.97,1.8,180.0000000000182
2026.02.27 18:11:15,2026.02.27 21:05:49,XAUUSD,BUY,0.01,5252.21,5250.23,-1.98,-198.0000000000473
2026.02.27 18:10:57,2026.02.27 18:24:27,XAUUSD,BUY,0.01,5247.56,5221.36,-26.2,-2620.0000000000728
2026.02.27 18:10:27,2026.02.27 18:20:17,XAUUSD,BUY,0.03,5246.53,5245.84,-2.07,-68.99999999995998
2026.02.27 18:10:56,2026.02.27 18:20:04,XAUUSD,BUY,0.01,5247.62,5248.5,0.88,88.00000000001091
2026.02.27 18:10:56,2026.02.27 18:20:04,XAUUSD,BUY,0.01,5247.61,5248.32,0.71,71.00000000000364
2026.02.27 17:58:21,2026.02.27 17:59:00,XAUUSD,BUY,0.03,5246.5,5243.46,-9.12,-303.99999999999636
2026.02.27 15:15:28,2026.02.27 15:30:03,XAUUSD,BUY,0.01,5218.56,5228.97,10.41,1040.9999999999854
2026.02.27 15:08:54,2026.02.27 15:23:41,XAUUSD,BUY,0.01,5215.25,5233.18,17.93,1793.000000000029
2026.02.27 15:15:28,2026.02.27 15:23:41,XAUUSD,BUY,0.01,5218.38,5233.18,14.8,1480.0000000000182
2026.02.27 15:15:28,2026.02.27 15:23:40,XAUUSD,BUY,0.01,5218.56,5232.78,14.22,1421.9999999999345
2026.02.27 15:08:53,2026.02.27 15:23:39,XAUUSD,BUY,0.01,5215.81,5232.77,16.96,1696.0000000000036
2026.02.23 01:02:16,2026.02.23 02:00:32,XAUUSD,BUY,0.02,5116.68,5156.98,80.6,4029.9999999999272
2026.02.20 16:44:30,2026.02.20 17:02:32,XAUUSD,BUY,0.01,5053.89,5054.3,0.41,40.99999999998545
2026.02.20 16:40:15,2026.02.20 16:56:35,XAUUSD,BUY,0.01,5050.78,5052.15,1.37,136.9999999999891
2026.02.20 16:35:31,2026.02.20 16:56:35,XAUUSD,BUY,0.01,5051.03,5052.15,1.12,111.99999999998909
2026.02.20 16:32:02,2026.02.20 16:56:35,XAUUSD,BUY,0.01,5050.77,5052.15,1.38,137.99999999991996
2026.02.17 07:31:52,2026.02.17 09:41:00,XAUUSD,SELL,0.01,4876.2,4920.4,-44.2,-4419.999999999982
2026.02.17 07:31:52,2026.02.17 08:35:00,XAUUSD,SELL,0.01,4876.2,4904.44,-28.24,-2823.999999999978
2026.02.17 07:31:53,2026.02.17 07:32:05,XAUUSD,SELL,0.01,4876.2,4861.62,14.58,1457.9999999999927
2026.02.17 07:31:52,2026.02.17 07:32:05,XAUUSD,SELL,0.01,4876.2,4861.62,14.58,1457.9999999999927
2026.02.11 12:44:19,2026.02.11 13:50:00,XAUUSD,BUY,0.01,5088.92,5114.05,25.13,2513.000000000011
2026.02.11 12:40:54,2026.02.11 13:50:00,XAUUSD,BUY,0.01,5085.12,5114.05,28.93,2893.000000000029
2026.02.11 12:40:54,2026.02.11 13:03:38,XAUUSD,BUY,0.01,5085.12,5084.8,-0.32,-31.999999999970896
2026.02.11 12:44:19,2026.02.11 13:03:25,XAUUSD,BUY,0.01,5088.92,5089.0,0.08,7.999999999992724
2026.02.11 12:40:54,2026.02.11 13:02:04,XAUUSD,BUY,0.01,5085.12,5090.98,5.86,585.9999999999673
2026.02.11 12:44:09,2026.02.11 13:02:04,XAUUSD,BUY,0.01,5088.21,5090.98,2.77,276.9999999999527
2026.02.11 12:40:54,2026.02.11 12:49:56,XAUUSD,BUY,0.01,5085.12,5101.16,16.04,1603.9999999999964
2026.02.11 12:44:09,2026.02.11 12:46:13,XAUUSD,BUY,0.01,5090.26,5091.66,1.4,139.99999999996362
2026.02.02 07:49:16,2026.02.02 07:50:00,XAUUSD,SELL,0.01,4539.54,4555.96,-16.42,-1642.0000000000073
2026.01.27 22:03:26,2026.01.27 22:11:28,XAUUSD,BUY,0.01,5116.39,5138.99,22.6,2259.9999999999454
2026.01.27 22:03:26,2026.01.27 22:09:54,XAUUSD,BUY,0.01,5116.39,5126.04,9.65,964.9999999999636
2026.01.27 22:03:26,2026.01.27 22:09:44,XAUUSD,BUY,0.01,5116.39,5125.2,8.81,880.9999999999491
2026.01.22 19:22:55,2026.01.22 20:10:47,XAUUSD,BUY,0.01,4888.32,4914.79,26.47,2647.0000000000255
2026.01.22 19:22:54,2026.01.22 19:49:24,XAUUSD,BUY,0.01,4887.69,4902.88,15.19,1519.000000000051
2026.01.22 19:22:54,2026.01.22 19:49:23,XAUUSD,BUY,0.01,4887.69,4902.16,14.47,1447.0000000000255
2026.01.19 01:02:22,2026.01.21 02:33:49,XAUUSD,BUY,0.01,4641.72,4783.61,141.89,14188.999999999942
2026.01.20 06:35:44,2026.01.20 07:59:10,XAUUSD,BUY,0.01,4691.29,4716.5,25.21,2521.0000000000036
2026.01.20 06:35:34,2026.01.20 07:34:54,XAUUSD,BUY,0.01,4689.1,4705.23,16.13,1612.99999999992
2026.01.20 06:35:18,2026.01.20 07:34:44,XAUUSD,BUY,0.01,4688.67,4704.19,15.52,1551.9999999999527
2026.01.16 17:28:58,2026.01.16 17:33:40,XAUUSD,SELL,0.01,4572.18,4546.68,25.5,2550.0
2026.01.16 17:26:09,2026.01.16 17:31:53,XAUUSD,SELL,0.01,4583.6,4557.62,25.98,2598.0000000000473
2026.01.16 17:28:59,2026.01.16 17:30:07,XAUUSD,SELL,0.01,4571.82,4567.2,4.62,461.9999999999891
2026.01.16 17:26:09,2026.01.16 17:29:21,XAUUSD,SELL,0.01,4583.58,4568.44,15.14,1514.0000000000327
2026.01.16 15:29:08,2026.01.16 15:30:00,XAUUSD,SELL,0.01,4584.0,4586.83,-2.83,-282.9999999999927
2026.01.16 15:20:06,2026.01.16 15:21:00,XAUUSD,SELL,0.01,4583.81,4587.75,-3.94,-393.99999999996
2026.01.16 15:18:13,2026.01.16 15:19:00,XAUUSD,SELL,0.01,4583.6,4589.29,-5.69,-568.99999999996
2026.01.16 15:18:06,2026.01.16 15:19:00,XAUUSD,SELL,0.01,4583.85,4589.08,-5.23,-522.9999999999563
2026.01.13 16:45:56,2026.01.13 16:52:10,XAUUSD,BUY,0.01,4627.9,4629.02,1.12,112.00000000008004
2026.01.12 02:06:53,2026.01.12 04:08:38,XAUUSD,BUY,0.01,4548.69,4562.7,14.01,1401.0000000000218
2026.01.12 02:05:47,2026.01.12 03:00:13,XAUUSD,BUY,0.02,4546.9,4587.99,82.18,4109.000000000015
2026.01.12 02:05:35,2026.01.12 02:57:09,XAUUSD,BUY,0.03,4546.02,4589.05,129.09,4302.9999999999745
2026.01.12 02:04:00,2026.01.12 02:32:28,XAUUSD,BUY,0.01,4543.67,4575.72,32.05,3205.000000000018
2026.01.12 01:42:19,2026.01.12 02:32:28,XAUUSD,BUY,0.01,4543.64,4576.3,32.66,3265.9999999999854
2026.01.12 01:46:55,2026.01.12 02:00:00,XAUUSD,BUY,0.01,4543.67,4539.8,-3.87,-386.9999999999891
2026.01.09 17:09:50,2026.01.09 18:12:02,XAUUSD,BUY,0.01,4500.66,4501.08,0.42,42.000000000007276
2026.01.09 17:21:05,2026.01.09 18:11:54,XAUUSD,BUY,0.01,4500.98,4501.42,0.44,44.00000000005093
2026.01.09 17:19:50,2026.01.09 17:39:02,XAUUSD,BUY,0.01,4498.74,4513.66,14.92,1492.0000000000073
2026.01.09 17:19:50,2026.01.09 17:39:00,XAUUSD,BUY,0.01,4498.73,4513.59,14.86,1486.0000000000582
2026.01.09 17:08:56,2026.01.09 17:39:00,XAUUSD,BUY,0.01,4498.46,4513.63,15.17,1517.0000000000073
2026.01.09 17:04:03,2026.01.09 17:05:00,XAUUSD,BUY,0.01,4498.52,4493.41,-5.11,-511.0000000000582
2026.01.09 17:04:03,2026.01.09 17:05:00,XAUUSD,BUY,0.01,4498.53,4493.61,-4.92,-492.0000000000073
2025.12.18 18:10:12,2025.12.18 19:06:07,XAUUSD,BUY,0.01,4347.64,4350.17,2.53,252.99999999997453
2025.12.18 18:10:24,2025.12.18 19:05:55,XAUUSD,BUY,0.03,4351.09,4353.3,6.63,221.00000000000364
2025.12.18 18:11:21,2025.12.18 18:55:15,XAUUSD,BUY,0.01,4352.67,4358.17,5.5,550.0
2025.12.18 18:10:24,2025.12.18 18:32:49,XAUUSD,BUY,0.02,4351.09,4363.64,25.1,1255.0000000000182
2025.12.18 18:11:23,2025.12.18 18:24:07,XAUUSD,BUY,0.01,4354.45,4366.91,12.46,1246.0000000000036
2025.12.18 18:10:17,2025.12.18 18:19:06,XAUUSD,BUY,0.01,4349.12,4372.62,23.5,2350.0
2025.12.18 18:10:24,2025.12.18 18:13:49,XAUUSD,BUY,0.01,4351.02,4366.51,15.49,1548.9999999999782
2025.12.18 18:10:24,2025.12.18 18:13:38,XAUUSD,BUY,0.01,4351.02,4365.73,14.71,1470.9999999999127
2025.12.18 18:09:59,2025.12.18 18:12:48,XAUUSD,BUY,0.01,4346.74,4361.82,15.08,1507.9999999999927
2025.12.11 18:19:31,2025.12.12 09:35:29,XAUUSD,BUY,0.01,4258.94,4289.33,30.39,3039.0000000000327
2025.12.11 17:50:18,2025.12.12 09:35:28,XAUUSD,BUY,0.01,4258.78,4289.15,30.37,3036.999999999989
2025.12.11 17:51:36,2025.12.11 21:01:05,XAUUSD,BUY,0.03,4262.01,4263.54,4.59,152.99999999997453
2025.12.11 17:50:06,2025.12.11 21:01:05,XAUUSD,BUY,0.01,4258.2,4263.54,5.34,534.0000000000146
2025.12.11 18:43:51,2025.12.11 20:58:27,XAUUSD,BUY,0.01,4263.57,4268.24,4.67,467.0000000000073
2025.12.11 18:43:50,2025.12.11 20:56:00,XAUUSD,BUY,0.02,4263.06,4274.74,23.36,1167.9999999999382
2025.12.11 17:51:36,2025.12.11 20:56:00,XAUUSD,BUY,0.02,4262.4,4274.74,24.68,1234.0000000000146
2025.12.11 17:50:28,2025.12.11 19:12:04,XAUUSD,BUY,0.01,4259.12,4273.41,14.29,1428.9999999999964
2025.12.11 17:50:04,2025.12.11 18:48:19,XAUUSD,BUY,0.01,4257.67,4271.98,14.31,1430.999999999949
2025.12.11 17:50:04,2025.12.11 18:48:14,XAUUSD,BUY,0.01,4257.28,4271.66,14.38,1438.000000000011
2025.12.11 18:30:02,2025.12.11 18:31:00,XAUUSD,BUY,0.01,4258.82,4255.96,-2.86,-285.99999999996726
2025.12.10 22:04:15,2025.12.10 23:06:31,XAUUSD,BUY,0.01,4224.38,4224.68,0.3,30.00000000001819
2025.12.10 22:04:15,2025.12.10 22:14:05,XAUUSD,BUY,0.01,4224.38,4233.86,9.48,947.9999999999563
2025.12.10 22:04:15,2025.12.10 22:13:00,XAUUSD,BUY,0.01,4224.38,4233.18,8.8,880.0000000000182
2025.12.10 21:09:18,2025.12.10 21:45:18,XAUUSD,BUY,0.01,4219.45,4191.18,-28.27,-2826.9999999999527
2025.12.10 21:09:18,2025.12.10 21:42:50,XAUUSD,BUY,0.01,4219.44,4190.42,-29.02,-2901.9999999999527
2025.12.10 21:11:08,2025.12.10 21:12:00,XAUUSD,BUY,0.01,4219.51,4212.37,-7.14,-714.0000000000327
2025.12.09 08:09:33,2025.12.09 11:25:56,XAUUSD,SELL,0.01,4174.86,4207.07,-32.21,-3221.0000000000036
2025.12.09 08:04:52,2025.12.09 08:15:31,XAUUSD,SELL,0.01,4177.29,4177.0,0.29,28.999999999996362
2025.12.09 08:04:44,2025.12.09 08:15:14,XAUUSD,SELL,0.01,4177.51,4176.18,1.33,132.99999999999272
2025.12.08 18:11:21,2025.12.08 18:15:01,XAUUSD,SELL,0.01,4177.29,4183.06,-5.77,-577.0000000000437
2025.12.08 18:11:17,2025.12.08 18:15:01,XAUUSD,SELL,0.01,4177.49,4183.08,-5.59,-559.0000000000146
2025.12.08 17:15:38,2025.12.08 17:16:00,XAUUSD,SELL,0.01,4176.82,4178.96,-2.14,-214.00000000003274
2025.12.08 17:15:38,2025.12.08 17:16:00,XAUUSD,SELL,0.01,4176.4,4178.96,-2.56,-256.00000000004
2025.12.08 17:15:36,2025.12.08 17:16:00,XAUUSD,SELL,0.01,4177.39,4178.88,-1.49,-148.99999999997817
2025.12.08 17:09:49,2025.12.08 17:10:00,XAUUSD,SELL,0.01,4177.5,4180.54,-3.04,-303.99999999999636
2025.12.08 17:09:49,2025.12.08 17:10:00,XAUUSD,SELL,0.01,4176.77,4180.42,-3.65,-364.9999999999636
2025.12.05 17:39:26,2025.12.05 18:27:33,XAUUSD,BUY,0.01,4259.02,4217.94,-41.08,-4108.000000000084
2025.12.05 16:47:32,2025.12.05 17:46:14,XAUUSD,BUY,0.01,4241.59,4250.24,8.65,864.9999999999636
2025.12.05 16:47:24,2025.12.05 17:33:18,XAUUSD,BUY,0.01,4240.09,4253.66,13.57,1356.999999999971
2025.12.05 16:47:25,2025.12.05 16:56:21,XAUUSD,BUY,0.01,4239.88,4241.18,1.3,130.0000000000182
2025.12.01 03:53:55,2025.12.01 07:22:05,XAUUSD,BUY,0.01,4244.24,4223.54,-20.7,-2069.999999999982
2025.12.01 03:39:33,2025.12.01 04:22:12,XAUUSD,BUY,0.03,4241.76,4243.43,5.01,167.00000000000728
2025.12.01 03:39:35,2025.12.01 04:20:15,XAUUSD,BUY,0.02,4242.68,4245.03,4.7,234.99999999994543
2025.11.28 02:33:57,2025.11.28 03:18:08,XAUUSD,BUY,0.01,4173.56,4184.18,10.62,1061.999999999989
2025.11.28 02:30:29,2025.11.28 03:00:59,XAUUSD,BUY,0.01,4171.86,4185.98,14.12,1411.999999999989
2025.11.28 02:28:21,2025.11.28 03:00:59,XAUUSD,BUY,0.01,4171.7,4185.98,14.28,1427.9999999999745
2025.11.28 02:30:29,2025.11.28 03:00:40,XAUUSD,BUY,0.01,4171.86,4185.4,13.54,1353.9999999999964
2025.11.28 02:28:12,2025.11.28 03:00:31,XAUUSD,BUY,0.01,4171.5,4185.24,13.74,1373.9999999999782
2025.11.24 22:37:22,2025.11.25 09:29:47,XAUUSD,BUY,0.01,4131.83,4135.36,3.53,352.99999999997453
2025.11.24 22:33:57,2025.11.25 01:11:40,XAUUSD,BUY,0.01,4131.37,4131.61,0.24,23.999999999978172
2025.11.24 22:33:57,2025.11.25 01:11:40,XAUUSD,BUY,0.01,4131.39,4132.23,0.84,83.9999999999236
2025.11.24 22:37:25,2025.11.24 23:57:40,XAUUSD,BUY,0.01,4133.21,4133.49,0.28,27.999999999974534
2025.11.24 22:36:07,2025.11.24 22:37:00,XAUUSD,BUY,0.01,4130.84,4130.51,-0.33,-32.999999999992724
2025.11.24 20:37:45,2025.11.24 20:53:25,XAUUSD,BUY,0.01,4102.85,4123.68,20.83,2082.9999999999927
2025.11.21 08:20:11,2025.11.21 08:21:00,XAUUSD,SELL,0.01,4040.52,4043.84,-3.32,-332.00000000001637
2025.11.21 07:54:02,2025.11.21 07:55:00,XAUUSD,SELL,0.01,4040.63,4041.56,-0.93,-92.99999999998363
2025.11.17 21:35:16,2025.11.17 21:49:57,XAUUSD,SELL,0.01,4034.48,4024.44,10.04,1003.9999999999964
2025.11.17 21:35:24,2025.11.17 21:42:47,XAUUSD,SELL,0.01,4032.02,4019.79,12.23,1223.0000000000018
2025.11.17 21:35:15,2025.11.17 21:42:46,XAUUSD,SELL,0.01,4034.61,4019.81,14.8,1480.0000000000182
2025.11.12 17:10:15,2025.11.12 17:17:34,XAUUSD,BUY,0.01,4149.35,4172.14,22.79,2278.9999999999964
2025.11.12 17:10:10,2025.11.12 17:13:50,XAUUSD,BUY,0.01,4147.82,4161.33,13.51,1351.0000000000218
2025.11.12 17:10:10,2025.11.12 17:13:43,XAUUSD,BUY,0.01,4147.82,4160.82,13.0,1300.0
2025.11.10 03:22:46,2025.11.11 08:39:41,XAUUSD,BUY,0.01,4045.2,4130.61,85.41,8540.999999999985
2025.11.10 03:22:28,2025.11.10 03:53:01,XAUUSD,BUY,0.01,4044.62,4045.59,0.97,97.00000000002547
2025.11.10 03:23:44,2025.11.10 03:52:50,XAUUSD,BUY,0.01,4046.14,4046.21,0.07,7.000000000016371
2025.11.07 18:34:58,2025.11.07 18:42:52,XAUUSD,BUY,0.01,4018.14,4019.33,1.19,119.00000000000546
2025.11.07 18:34:58,2025.11.07 18:42:52,XAUUSD,BUY,0.01,4018.14,4019.31,1.17,117.00000000000728
2025.11.07 18:35:35,2025.11.07 18:36:00,XAUUSD,BUY,0.01,4020.37,4018.43,-1.94,-194.00000000000546
2025.11.04 16:29:18,2025.11.04 16:33:09,XAUUSD,SELL,0.01,3964.63,3942.63,22.0,2200.0
2025.11.04 16:29:18,2025.11.04 16:31:53,XAUUSD,SELL,0.01,3960.03,3950.75,9.28,928.00000000002
2025.11.04 16:29:18,2025.11.04 16:29:58,XAUUSD,SELL,0.01,3964.96,3951.74,13.22,1322.0000000000255
2025.11.04 16:05:45,2025.11.04 16:15:00,XAUUSD,SELL,0.01,3964.59,3975.85,-11.26,-1125.9999999999764
2025.11.04 16:05:45,2025.11.04 16:15:00,XAUUSD,SELL,0.01,3964.59,3975.82,-11.23,-1123.0000000000018
2025.11.04 16:05:44,2025.11.04 16:15:00,XAUUSD,SELL,0.01,3964.82,3975.81,-10.99,-1098.9999999999782
2025.10.31 01:50:28,2025.10.31 01:58:21,XAUUSD,BUY,0.01,4030.02,4037.98,7.96,796.0000000000036
2025.10.31 01:50:01,2025.10.31 01:55:26,XAUUSD,BUY,0.01,4028.75,4042.1,13.35,1334.999999999991
2025.10.31 01:50:01,2025.10.31 01:55:25,XAUUSD,BUY,0.01,4028.7,4041.28,12.58,1258.0000000000382
2025.10.28 09:39:16,2025.10.28 13:49:35,XAUUSD,SELL,0.01,3947.12,3924.05,23.07,2306.999999999971
2025.10.27 17:03:03,2025.10.27 17:28:56,XAUUSD,SELL,0.01,4007.44,4002.35,5.09,509.00000000001455
2025.10.27 17:07:15,2025.10.27 17:27:40,XAUUSD,SELL,0.01,4006.18,3997.92,8.26,825.9999999999764
2025.10.27 17:03:03,2025.10.27 17:09:46,XAUUSD,SELL,0.01,4007.44,4006.34,1.1,109.9999999999909
2025.10.27 17:07:14,2025.10.27 17:09:34,XAUUSD,SELL,0.01,4006.88,4005.55,1.33,132.99999999999272
2025.10.27 17:07:19,2025.10.27 17:09:23,XAUUSD,SELL,0.01,4006.24,4005.07,1.17,116.9999999999618
2025.10.27 11:53:14,2025.10.27 11:55:17,XAUUSD,SELL,0.01,4045.4,4031.54,13.86,1386.0000000000127
2025.10.21 16:47:59,2025.10.21 17:04:51,XAUUSD,SELL,0.01,4187.56,4174.5,13.06,1306.00000000004
2025.10.21 16:47:59,2025.10.21 16:49:06,XAUUSD,SELL,0.01,4187.56,4171.58,15.98,1598.0000000000473
2025.10.21 16:47:59,2025.10.21 16:48:19,XAUUSD,SELL,0.01,4187.56,4174.89,12.67,1267.0000000000073
2025.10.20 22:55:47,2025.10.21 04:40:19,XAUUSD,BUY,0.01,4377.91,4342.09,-35.82,-3581.999999999971
2025.10.20 22:55:47,2025.10.21 04:39:37,XAUUSD,BUY,0.01,4377.91,4340.39,-37.52,-3751.9999999999527
2025.10.20 22:57:24,2025.10.21 04:30:46,XAUUSD,BUY,0.01,4379.75,4341.47,-38.28,-3827.9999999999745
2025.10.20 22:57:05,2025.10.20 23:13:46,XAUUSD,BUY,0.01,4378.51,4356.57,-21.94,-2194.000000000051
2025.10.13 02:08:26,2025.10.13 08:24:26,XAUUSD,BUY,0.01,4058.03,4070.79,12.76,1275.9999999999764
2025.10.13 02:09:00,2025.10.13 08:11:14,XAUUSD,BUY,0.01,4059.53,4059.84,0.31,30.999999999994543
2025.10.13 02:08:26,2025.10.13 03:12:18,XAUUSD,BUY,0.01,4058.03,4030.26,-27.77,-2776.999999999998
2025.10.13 02:08:26,2025.10.13 02:41:01,XAUUSD,BUY,0.01,4058.9,4037.87,-21.03,-2103.00000000002
2025.10.13 02:08:23,2025.10.13 02:14:16,XAUUSD,BUY,0.03,4057.04,4040.54,-49.5,-1650.0
2025.10.09 16:08:54,2025.10.09 16:48:09,XAUUSD,BUY,0.01,4057.38,4025.52,-31.86,-3186.0000000000127
2025.10.09 16:24:55,2025.10.09 16:30:00,XAUUSD,BUY,0.01,4057.43,4056.27,-1.16,-115.99999999998545
2025.10.06 01:59:51,2025.10.06 02:04:42,XAUUSD,BUY,0.01,3896.89,3918.6,21.71,2171.0000000000036
2025.10.06 01:47:38,2025.10.06 02:02:53,XAUUSD,BUY,0.01,3894.87,3908.22,13.35,1334.999999999991
2025.10.06 01:47:37,2025.10.06 02:02:42,XAUUSD,BUY,0.01,3894.82,3907.77,12.95,1294.9999999999818
2025.10.06 01:56:21,2025.10.06 02:02:42,XAUUSD,BUY,0.01,3894.88,3907.77,12.89,1288.9999999999873
2025.10.06 01:50:23,2025.10.06 02:02:42,XAUUSD,BUY,0.01,3894.84,3907.82,12.98,1298.0000000000018
2025.10.02 16:29:41,2025.10.02 17:30:09,XAUUSD,BUY,0.01,3893.58,3864.87,-28.71,-2871.0000000000036
2025.10.02 16:24:15,2025.10.02 17:30:09,XAUUSD,BUY,0.01,3893.54,3864.77,-28.77,-2876.999999999998
2025.10.02 16:29:41,2025.10.02 17:28:24,XAUUSD,BUY,0.01,3893.61,3863.07,-30.54,-3053.9999999999964
2025.09.29 05:19:32,2025.09.30 11:07:19,XAUUSD,BUY,0.01,3790.36,3838.48,48.12,4811.999999999989
2025.09.29 05:15:20,2025.09.29 10:34:20,XAUUSD,BUY,0.03,3788.16,3811.01,68.55,2285.0000000000364
2025.09.29 05:12:18,2025.09.29 08:59:28,XAUUSD,BUY,0.01,3786.23,3813.29,27.06,2705.9999999999945
2025.09.29 03:46:33,2025.09.29 08:59:28,XAUUSD,BUY,0.01,3786.48,3813.29,26.81,2680.9999999999945
2025.09.29 05:15:01,2025.09.29 08:59:28,XAUUSD,BUY,0.01,3786.07,3813.29,27.22,2721.99999999998
2025.09.29 05:18:58,2025.09.29 08:22:25,XAUUSD,BUY,0.02,3788.87,3802.49,27.24,1361.999999999989
2025.09.29 05:19:25,2025.09.29 05:26:29,XAUUSD,BUY,0.01,3789.7,3790.77,1.07,107.00000000001637
2025.09.29 05:19:25,2025.09.29 05:26:26,XAUUSD,BUY,0.01,3789.66,3790.89,1.23,123.00000000000182
2025.09.29 05:19:44,2025.09.29 05:25:07,XAUUSD,BUY,0.01,3791.12,3791.48,0.36,36.00000000001273
2025.09.29 04:01:36,2025.09.29 04:02:00,XAUUSD,BUY,0.02,3788.82,3786.42,-4.8,-240.0000000000091
2025.09.29 04:00:01,2025.09.29 04:01:00,XAUUSD,BUY,0.03,3788.26,3786.97,-3.87,-129.00000000004184
2025.09.22 09:34:10,2025.09.22 13:49:42,XAUUSD,BUY,0.01,3707.71,3727.64,19.93,1992.9999999999836
2025.09.22 09:25:51,2025.09.22 10:11:11,XAUUSD,BUY,0.02,3705.4,3710.55,10.3,515.0000000000091
2025.09.22 09:30:05,2025.09.22 10:10:15,XAUUSD,BUY,0.01,3706.67,3711.22,4.55,454.9999999999727
2025.09.22 09:27:53,2025.09.22 09:48:18,XAUUSD,BUY,0.01,3705.89,3718.37,12.48,1248.0000000000018
2025.09.22 09:27:53,2025.09.22 09:47:00,XAUUSD,BUY,0.01,3705.92,3717.95,12.03,1202.9999999999745
2025.09.18 16:45:17,2025.09.18 16:46:00,XAUUSD,SELL,0.01,3628.17,3631.86,-3.69,-369.00000000000546
2025.09.18 16:45:17,2025.09.18 16:46:00,XAUUSD,SELL,0.01,3628.2,3631.83,-3.63,-363.0000000000109
2025.09.18 16:45:03,2025.09.18 16:46:00,XAUUSD,SELL,0.01,3628.71,3631.79,-3.08,-307.9999999999927
2025.09.17 21:08:27,2025.09.17 21:40:31,XAUUSD,BUY,0.01,3701.22,3670.99,-30.23,-3023.000000000002
2025.09.17 21:09:02,2025.09.17 21:35:28,XAUUSD,BUY,0.01,3704.63,3671.25,-33.38,-3338.000000000011
2025.09.17 21:08:52,2025.09.17 21:10:17,XAUUSD,BUY,0.01,3701.32,3701.98,0.66,65.99999999998545
2025.09.15 18:47:26,2025.09.16 11:15:48,XAUUSD,BUY,0.01,3669.92,3696.22,26.3,2629.9999999999727
2025.09.15 18:49:31,2025.09.16 05:46:23,XAUUSD,BUY,0.03,3671.89,3675.6,11.13,371.00000000000364
2025.09.15 18:49:57,2025.09.16 04:17:56,XAUUSD,BUY,0.01,3674.04,3678.6,4.5600000000000005,455.99999999999454
2025.09.15 18:50:04,2025.09.15 19:46:18,XAUUSD,BUY,0.01,3674.76,3675.05,0.29,28.999999999996362
2025.09.15 18:49:41,2025.09.15 19:46:02,XAUUSD,BUY,0.02,3672.5,3676.02,7.04,351.9999999999982
2025.09.15 18:49:45,2025.09.15 19:39:12,XAUUSD,BUY,0.01,3673.44,3678.32,4.88,488.0000000000109
2025.09.15 18:49:45,2025.09.15 19:33:27,XAUUSD,BUY,0.01,3673.44,3685.28,11.84,1184.0000000000146
2025.09.15 16:32:53,2025.09.15 17:00:30,XAUUSD,BUY,0.01,3655.01,3655.74,0.73,72.99999999995634
2025.09.15 16:32:53,2025.09.15 16:59:25,XAUUSD,BUY,0.01,3655.1,3656.6,1.5,150.0
2025.09.15 16:35:51,2025.09.15 16:59:24,XAUUSD,BUY,0.01,3656.52,3656.89,0.37,36.999999999989086
2025.09.11 12:13:14,2025.09.11 12:33:48,XAUUSD,SELL,0.01,3620.29,3620.02,0.27,26.99999999999818
2025.09.11 12:13:14,2025.09.11 12:18:39,XAUUSD,SELL,0.01,3620.48,3619.27,1.21,121.00000000000364
2025.09.11 12:14:09,2025.09.11 12:18:34,XAUUSD,SELL,0.01,3619.93,3618.94,0.99,98.99999999997817
2025.09.02 04:20:39,2025.09.02 18:58:45,XAUUSD,BUY,0.01,3495.73,3520.06,24.33,2432.9999999999927
2025.09.02 04:29:34,2025.09.02 10:50:18,XAUUSD,BUY,0.03,3497.22,3480.04,-51.54,-1717.9999999999836
2025.08.29 19:55:39,2025.09.01 06:05:09,XAUUSD,BUY,0.03,3448.68,3477.84,87.48,2916.000000000031
2025.08.29 22:40:16,2025.09.01 05:38:11,XAUUSD,BUY,0.01,3447.06,3471.62,24.56,2455.9999999999945
2025.08.29 18:39:19,2025.09.01 05:38:11,XAUUSD,BUY,0.01,3447.35,3471.62,24.27,2426.999999999998
2025.08.29 17:10:08,2025.08.29 22:30:59,XAUUSD,BUY,0.01,3434.24,3444.77,10.53,1053.00000000002
2025.08.29 17:13:33,2025.08.29 22:30:58,XAUUSD,BUY,0.03,3436.04,3444.92,26.64,888.0000000000109
2025.08.29 19:32:01,2025.08.29 19:33:00,XAUUSD,BUY,0.01,3446.96,3446.53,-0.43,-42.99999999998363
2025.08.29 19:01:21,2025.08.29 19:15:00,XAUUSD,BUY,0.01,3446.95,3444.33,-2.62,-261.9999999999891
2025.08.28 15:10:24,2025.08.29 04:01:22,XAUUSD,BUY,0.01,3408.64,3412.7,4.06,405.99999999999454
2025.08.28 16:42:49,2025.08.29 03:21:09,XAUUSD,BUY,0.02,3407.3,3414.11,13.62,680.9999999999945
2025.08.28 15:07:02,2025.08.28 16:06:59,XAUUSD,BUY,0.02,3407.19,3395.39,-23.6,-1180.0000000000182
2025.08.28 14:33:03,2025.08.28 14:34:00,XAUUSD,BUY,0.02,3407.47,3406.52,-1.9,-94.99999999998181
2025.08.26 03:22:45,2025.08.26 04:06:01,XAUUSD,BUY,0.01,3378.2,3379.21,1.01,101.00000000002183
2025.08.26 03:22:45,2025.08.26 04:06:01,XAUUSD,BUY,0.01,3378.2,3379.49,1.29,128.99999999999636
2025.08.26 03:23:00,2025.08.26 03:24:00,XAUUSD,BUY,0.01,3378.7,3378.07,-0.63,-62.99999999996544
2025.08.22 17:02:33,2025.08.26 02:21:26,XAUUSD,BUY,0.01,3351.38,3353.77,2.39,238.99999999998727
2025.08.22 17:35:52,2025.08.26 02:16:52,XAUUSD,BUY,0.01,3373.84,3357.01,-16.83,-1682.9999999999927
2025.08.22 17:10:13,2025.08.22 17:52:44,XAUUSD,BUY,0.01,3358.1,3376.77,18.67,1867.0000000000073
2025.08.22 17:10:02,2025.08.22 17:30:04,XAUUSD,BUY,0.01,3357.46,3368.04,10.58,1057.9999999999927
2025.08.22 17:10:02,2025.08.22 17:23:07,XAUUSD,BUY,0.01,3357.46,3359.73,2.27,226.99999999999818
2025.08.22 17:02:41,2025.08.22 17:23:02,XAUUSD,BUY,0.01,3352.66,3360.28,7.62,762.0000000000346
2025.08.22 17:02:26,2025.08.22 17:08:37,XAUUSD,BUY,0.01,3350.5,3351.76,1.26,126.00000000002183
2025.08.22 17:02:29,2025.08.22 17:08:36,XAUUSD,BUY,0.01,3350.78,3351.77,0.99,98.99999999997817
2025.08.19 17:47:03,2025.08.20 06:20:10,XAUUSD,SELL,0.01,3323.92,3318.04,5.88,588.0000000000109
2025.08.19 17:47:04,2025.08.20 02:53:21,XAUUSD,SELL,0.01,3323.43,3313.27,10.16,1015.9999999999854
2025.08.19 17:46:51,2025.08.20 02:51:55,XAUUSD,SELL,0.01,3325.49,3314.14,11.35,1134.999999999991
2025.08.19 17:44:41,2025.08.20 02:51:55,XAUUSD,SELL,0.01,3325.69,3314.05,11.64,1163.9999999999873
2025.08.14 19:16:07,2025.08.18 06:45:00,XAUUSD,SELL,0.01,3331.42,3348.42,-17.0,-1700.0
2025.08.14 19:16:07,2025.08.18 03:06:11,XAUUSD,SELL,0.01,3331.42,3331.04,0.38,38.000000000010914
2025.08.18 02:12:10,2025.08.18 03:06:03,XAUUSD,SELL,0.01,3330.67,3330.58,0.09,9.000000000014552
2025.08.14 19:16:07,2025.08.18 03:06:03,XAUUSD,SELL,0.01,3331.42,3330.56,0.86,86.00000000001273
2025.08.14 19:16:07,2025.08.18 03:06:03,XAUUSD,SELL,0.01,3331.42,3330.64,0.78,78.00000000002001
2025.08.18 02:12:10,2025.08.18 02:29:06,XAUUSD,SELL,0.01,3330.73,3329.72,1.01,101.00000000002183
2025.08.18 02:12:10,2025.08.18 02:29:04,XAUUSD,SELL,0.01,3330.61,3329.5,1.11,111.00000000001273
2025.08.11 14:25:52,2025.08.11 15:36:01,XAUUSD,SELL,0.01,3351.89,3351.62,0.27,26.99999999999818
2025.08.11 14:25:39,2025.08.11 15:35:50,XAUUSD,SELL,0.01,3352.12,3351.06,1.06,105.99999999999454
2025.08.11 14:27:01,2025.08.11 15:34:57,XAUUSD,SELL,0.01,3351.41,3350.48,0.93,92.99999999998363
2025.08.11 14:30:00,2025.08.11 14:31:00,XAUUSD,SELL,0.01,3351.8,3352.3,-0.5,-50.0
2025.08.07 10:15:10,2025.08.07 11:05:24,XAUUSD,BUY,0.01,3389.08,3389.4,0.32,32.00000000001637
2025.08.07 10:15:09,2025.08.07 11:05:24,XAUUSD,BUY,0.01,3388.88,3389.1,0.22,21.99999999997999
2025.08.07 10:25:02,2025.08.07 11:05:13,XAUUSD,BUY,0.01,3390.38,3390.62,0.24,23.999999999978172
2025.08.05 17:44:22,2025.08.05 18:25:05,XAUUSD,BUY,0.01,3384.17,3385.11,0.94,94.00000000000546
2025.08.05 17:51:19,2025.08.05 17:52:00,XAUUSD,BUY,0.01,3385.5,3384.14,-1.36,-136.00000000001273
2025.07.30 21:50:00,2025.07.31 02:31:05,XAUUSD,SELL,0.01,3284.7,3280.68,4.02,401.9999999999982
2025.07.30 16:31:37,2025.07.30 20:16:56,XAUUSD,SELL,0.01,3303.69,3299.61,4.08,407.9999999999927
2025.07.30 16:31:38,2025.07.30 19:15:18,XAUUSD,SELL,0.01,3303.41,3295.21,8.2,819.9999999999818
2025.07.30 16:31:38,2025.07.30 18:21:29,XAUUSD,SELL,0.01,3303.76,3292.74,11.02,1102.0000000000437
2025.07.30 16:31:38,2025.07.30 16:59:18,XAUUSD,SELL,0.01,3303.06,3302.04,1.02,101.99999999999818
2025.07.28 16:53:30,2025.07.29 11:19:43,XAUUSD,SELL,0.01,3311.75,3329.1,-17.35,-1734.999999999991
2025.07.21 15:01:08,2025.07.23 16:23:11,XAUUSD,BUY,0.01,3376.81,3408.59,31.78,3178.00000000002
2025.07.21 14:59:05,2025.07.21 20:15:21,XAUUSD,BUY,0.02,3375.38,3392.44,34.12,1705.9999999999945
2025.07.21 15:18:41,2025.07.21 16:56:17,XAUUSD,BUY,0.01,3377.44,3388.46,11.02,1101.9999999999982
2025.07.21 15:00:33,2025.07.21 15:44:33,XAUUSD,BUY,0.01,3375.99,3387.54,11.55,1155.0000000000182
2025.07.21 15:00:31,2025.07.21 15:43:18,XAUUSD,BUY,0.01,3375.99,3387.13,11.14,1114.0000000000327
2025.07.17 15:30:35,2025.07.17 15:34:35,XAUUSD,SELL,0.01,3318.49,3317.55,0.94,93.99999999995998
2025.07.16 18:30:26,2025.07.16 18:45:00,XAUUSD,BUY,0.01,3374.82,3360.25,-14.57,-1457.0000000000164
2025.07.16 18:30:22,2025.07.16 18:45:00,XAUUSD,BUY,0.01,3373.2,3360.26,-12.94,-1293.99999999996
2025.07.16 18:30:22,2025.07.16 18:45:00,XAUUSD,BUY,0.01,3373.2,3360.36,-12.84,-1283.999999999969
2025.07.16 18:30:24,2025.07.16 18:45:00,XAUUSD,BUY,0.01,3374.22,3360.33,-13.89,-1388.9999999999873
2025.07.16 17:33:00,2025.07.16 17:45:00,XAUUSD,SELL,0.01,3321.31,3325.26,-3.95,-395.0000000000273
2025.07.16 17:17:11,2025.07.16 17:18:00,XAUUSD,SELL,0.01,3321.61,3322.85,-1.24,-123.99999999997817
2025.07.11 18:08:00,2025.07.14 16:00:39,XAUUSD,BUY,0.01,3364.94,3347.58,-17.36,-1736.0000000000127
2025.07.11 13:26:59,2025.07.14 16:00:32,XAUUSD,BUY,0.01,3345.06,3349.12,4.06,405.99999999999454
2025.07.11 13:27:02,2025.07.11 16:24:10,XAUUSD,BUY,0.01,3346.0,3351.77,5.77,576.9999999999982
2025.07.11 13:26:51,2025.07.11 15:14:05,XAUUSD,BUY,0.01,3344.54,3345.43,0.89,88.99999999998727
2025.07.11 13:26:51,2025.07.11 13:57:13,XAUUSD,BUY,0.01,3344.54,3345.37,0.83,82.99999999999272
2025.07.08 17:37:21,2025.07.08 18:31:11,XAUUSD,SELL,0.01,3298.36,3297.99,0.37,37.00000000003456
2025.07.08 17:37:23,2025.07.08 18:18:02,XAUUSD,SELL,0.01,3297.85,3295.62,2.23,223.00000000000182
2025.07.08 17:42:10,2025.07.08 18:11:41,XAUUSD,SELL,0.01,3298.31,3287.35,10.96,1096.0000000000036
2025.07.08 17:37:21,2025.07.08 18:11:41,XAUUSD,SELL,0.01,3298.44,3287.35,11.09,1109.0000000000146
2025.07.07 04:12:07,2025.07.07 04:26:28,XAUUSD,SELL,0.01,3313.58,3312.49,1.09,109.00000000001455
2025.07.07 04:12:29,2025.07.07 04:24:33,XAUUSD,SELL,0.01,3312.36,3311.52,0.84,84.00000000001455
2025.07.02 22:30:07,2025.07.03 02:01:50,XAUUSD,BUY,0.01,3356.47,3356.99,0.52,51.99999999999818
2025.07.02 22:05:00,2025.07.03 02:01:50,XAUUSD,BUY,0.01,3356.51,3356.99,0.48,47.999999999956344
2025.07.02 22:41:29,2025.07.03 02:01:50,XAUUSD,BUY,0.01,3356.62,3356.99,0.37,36.999999999989086
2025.07.02 22:35:22,2025.07.03 02:01:50,XAUUSD,BUY,0.01,3356.5,3356.95,0.45,44.99999999998181
2025.07.02 22:54:30,2025.07.03 02:01:49,XAUUSD,BUY,0.01,3357.91,3358.2,0.29,28.999999999996362
2025.07.02 22:05:01,2025.07.03 02:01:48,XAUUSD,BUY,0.01,3356.53,3358.53,2.0,200.0
2025.07.02 22:27:16,2025.07.02 22:31:00,XAUUSD,BUY,0.01,3356.49,3356.79,0.3,30.00000000001819
2025.07.02 22:15:34,2025.07.02 22:30:00,XAUUSD,BUY,0.01,3356.48,3356.19,-0.29,-28.999999999996362
2025.07.01 13:54:24,2025.07.02 04:25:23,XAUUSD,BUY,0.01,3349.59,3332.62,-16.97,-1697.0000000000255
2025.07.01 13:47:44,2025.07.01 16:08:49,XAUUSD,BUY,0.01,3348.7,3349.19,0.49,49.00000000002365
2025.07.01 14:03:27,2025.07.01 15:31:01,XAUUSD,BUY,0.01,3350.26,3350.64,0.38,37.99999999996544
2025.07.01 13:47:45,2025.07.01 14:34:57,XAUUSD,BUY,0.01,3348.86,3349.83,0.97,96.99999999997999
2025.07.01 13:17:56,2025.07.01 13:30:00,XAUUSD,BUY,0.01,3348.7,3346.8,-1.9,-189.99999999996362
2025.07.01 13:18:09,2025.07.01 13:19:00,XAUUSD,BUY,0.01,3348.84,3347.76,-1.08,-107.99999999999272
2025.06.27 06:50:10,2025.06.30 05:00:58,XAUUSD,SELL,0.01,3295.76,3277.02,18.74,1874.0000000000236
2025.06.27 06:45:39,2025.06.27 08:19:05,XAUUSD,SELL,0.03,3297.47,3297.5,-0.09,-3.000000000020009
2025.06.27 06:45:59,2025.06.27 07:38:59,XAUUSD,SELL,0.01,3296.87,3296.49,0.38,38.000000000010914
2025.06.27 06:45:39,2025.06.27 07:38:47,XAUUSD,SELL,0.01,3297.45,3296.36,1.09,108.99999999996908
2025.06.27 06:46:08,2025.06.27 07:37:50,XAUUSD,SELL,0.01,3296.59,3295.67,0.92,92.00000000000728
2025.06.24 02:56:44,2025.06.25 03:01:06,XAUUSD,SELL,0.01,3341.72,3325.62,16.1,1609.999999999991
2025.06.24 16:41:22,2025.06.24 18:28:31,XAUUSD,SELL,0.01,3295.68,3312.69,-17.01,-1701.0000000000218
2025.06.24 03:01:08,2025.06.24 03:10:53,XAUUSD,SELL,0.01,3341.98,3342.41,-0.43,-42.99999999998363
2025.06.24 03:01:08,2025.06.24 03:10:40,XAUUSD,SELL,0.01,3342.32,3341.23,1.09,109.00000000001455
2025.06.24 02:56:44,2025.06.24 03:10:40,XAUUSD,SELL,0.01,3341.53,3341.23,0.3,30.00000000001819
2025.06.24 02:56:44,2025.06.24 03:10:21,XAUUSD,SELL,0.01,3341.72,3340.6,1.12,111.99999999998909
2025.06.24 02:56:44,2025.06.24 03:10:04,XAUUSD,SELL,0.01,3341.56,3340.4,1.16,115.99999999998545
2025.06.24 03:01:10,2025.06.24 03:10:04,XAUUSD,SELL,0.01,3341.68,3340.4,1.28,127.99999999997453
2025.06.18 22:28:54,2025.06.19 09:30:10,XAUUSD,SELL,0.01,3366.02,3349.08,16.94,1694.0000000000055
2025.06.18 22:28:54,2025.06.19 08:57:40,XAUUSD,SELL,0.01,3366.02,3365.0,1.02,101.99999999999818
2025.06.18 22:28:54,2025.06.19 08:57:40,XAUUSD,SELL,0.01,3366.02,3365.03,0.99,98.99999999997817
2025.06.13 03:03:45,2025.06.13 03:43:09,XAUUSD,BUY,0.01,3402.7,3405.76,3.06,306.00000000004
2025.06.13 03:02:29,2025.06.13 03:14:49,XAUUSD,BUY,0.03,3400.85,3402.31,4.38,146.00000000000364
2025.06.13 03:05:01,2025.06.13 03:14:45,XAUUSD,BUY,0.01,3401.98,3402.88,0.9,90.0000000000091
2025.06.13 03:03:18,2025.06.13 03:14:45,XAUUSD,BUY,0.01,3402.12,3402.86,0.74,74.00000000002365
2025.06.13 03:02:50,2025.06.13 03:14:45,XAUUSD,BUY,0.03,3401.6,3402.86,3.78,126.00000000002183
2025.06.13 03:06:58,2025.06.13 03:14:11,XAUUSD,BUY,0.01,3403.38,3403.49,0.11,10.999999999967258
2025.06.11 15:30:02,2025.06.11 15:35:58,XAUUSD,BUY,0.01,3347.71,3359.44,11.73,1173.0000000000018
2025.06.06 17:13:53,2025.06.06 17:27:23,XAUUSD,SELL,0.01,3334.14,3323.3,10.84,1083.999999999969
2025.06.06 17:13:53,2025.06.06 17:19:15,XAUUSD,SELL,0.01,3333.36,3324.06,9.3,930.0000000000182
2025.06.06 17:00:52,2025.06.06 17:16:40,XAUUSD,SELL,0.01,3339.7,3329.44,10.26,1025.9999999999764
2025.06.05 13:05:25,2025.06.05 14:39:43,XAUUSD,BUY,0.01,3392.26,3392.62,0.36,35.99999999996726
2025.06.05 12:58:36,2025.06.05 14:29:02,XAUUSD,BUY,0.01,3391.35,3395.42,4.07,407.00000000001637
2025.06.05 13:02:28,2025.06.05 14:06:35,XAUUSD,BUY,0.01,3390.67,3402.27,11.6,1159.999999999991
2025.06.05 12:58:17,2025.06.05 14:06:35,XAUUSD,BUY,0.01,3390.6,3402.27,11.67,1167.0000000000073
2025.06.05 12:58:13,2025.06.05 14:05:16,XAUUSD,BUY,0.01,3390.58,3401.85,11.27,1126.9999999999982
2025.06.05 13:02:28,2025.06.05 14:05:16,XAUUSD,BUY,0.01,3390.67,3401.92,11.25,1125.0
2025.06.05 13:05:02,2025.06.05 14:05:16,XAUUSD,BUY,0.01,3390.55,3401.92,11.37,1136.999999999989
2025.06.02 09:18:12,2025.06.03 06:42:09,XAUUSD,BUY,0.01,3330.32,3363.1,32.78,3277.9999999999745
2025.06.02 16:43:30,2025.06.03 04:13:08,XAUUSD,BUY,0.01,3365.11,3368.8,3.69,369.00000000000546
2025.06.02 16:41:39,2025.06.02 18:26:38,XAUUSD,BUY,0.02,3363.83,3370.22,12.78,638.9999999999873
2025.06.02 16:43:38,2025.06.02 18:25:57,XAUUSD,BUY,0.01,3366.05,3372.22,6.17,616.9999999999618
2025.06.02 16:42:31,2025.06.02 16:49:24,XAUUSD,BUY,0.01,3364.37,3365.51,1.14,114.00000000003274
2025.06.02 09:18:42,2025.06.02 10:10:37,XAUUSD,BUY,0.01,3331.83,3349.62,17.79,1778.9999999999964
2025.06.02 09:16:58,2025.06.02 09:41:03,XAUUSD,BUY,0.01,3329.8,3341.15,11.35,1134.999999999991
2025.06.02 09:16:57,2025.06.02 09:40:57,XAUUSD,BUY,0.01,3329.68,3341.06,11.38,1138.000000000011
2025.05.29 19:04:45,2025.05.29 19:23:43,XAUUSD,BUY,0.01,3325.42,3325.72,0.3,29.999999999972715
2025.05.28 23:51:26,2025.05.29 02:13:47,XAUUSD,SELL,0.01,3280.18,3268.89,11.29,1128.9999999999964
2025.05.28 23:51:26,2025.05.29 02:11:18,XAUUSD,SELL,0.01,3280.37,3269.68,10.69,1069.0000000000055
2025.05.28 23:51:00,2025.05.28 23:54:02,XAUUSD,SELL,0.01,3286.97,3286.73,0.24,23.999999999978172
2025.05.28 23:51:00,2025.05.28 23:53:48,XAUUSD,SELL,0.01,3286.97,3285.9,1.07,106.9999999999709
2025.05.28 23:51:22,2025.05.28 23:52:59,XAUUSD,SELL,0.01,3286.8,3284.35,2.45,245.00000000002728
2025.05.23 14:49:41,2025.05.23 15:05:53,XAUUSD,BUY,0.01,3343.85,3346.34,2.49,249.00000000002365
2025.05.23 14:49:45,2025.05.23 15:05:22,XAUUSD,BUY,0.01,3346.92,3347.43,0.51,50.99999999997635
2025.05.23 14:49:43,2025.05.23 14:59:36,XAUUSD,BUY,0.01,3344.66,3345.42,0.76,76.00000000002183
2025.05.20 16:57:42,2025.05.20 17:04:25,XAUUSD,BUY,0.01,3253.25,3270.11,16.86,1686.0000000000127
2025.05.20 16:57:41,2025.05.20 16:59:46,XAUUSD,BUY,0.01,3253.5,3261.84,8.34,834.0000000000146
2025.05.20 15:35:45,2025.05.20 16:59:45,XAUUSD,BUY,0.01,3250.65,3261.7,11.05,1104.9999999999727
2025.05.20 16:57:41,2025.05.20 16:59:45,XAUUSD,BUY,0.01,3251.21,3261.74,10.53,1052.9999999999745
2025.05.20 15:35:45,2025.05.20 16:59:45,XAUUSD,BUY,0.01,3250.91,3261.74,10.83,1082.9999999999927
2025.05.14 15:17:58,2025.05.15 12:11:23,XAUUSD,SELL,0.01,3209.69,3167.48,42.21,4221.000000000004
2025.05.14 15:36:57,2025.05.15 11:43:02,XAUUSD,SELL,0.01,3203.3,3159.43,43.87,4387.000000000035
2025.05.14 15:36:57,2025.05.14 15:48:34,XAUUSD,SELL,0.02,3203.34,3198.22,10.24,512.0000000000346
2025.05.14 15:17:58,2025.05.14 15:46:53,XAUUSD,SELL,0.01,3209.7,3191.06,18.64,1863.9999999999873
2025.05.14 15:36:27,2025.05.14 15:46:51,XAUUSD,SELL,0.01,3209.54,3191.96,17.58,1757.9999999999927
2025.05.14 15:17:58,2025.05.14 15:45:42,XAUUSD,SELL,0.01,3209.69,3198.58,11.11,1111.0000000000127
2025.05.14 15:36:12,2025.05.14 15:45:42,XAUUSD,SELL,0.01,3209.77,3198.66,11.11,1111.0000000000127
2025.05.14 15:36:33,2025.05.14 15:41:04,XAUUSD,SELL,0.01,3208.76,3207.18,1.58,158.0000000000382
2025.05.14 15:18:05,2025.05.14 15:19:00,XAUUSD,SELL,0.01,3209.24,3210.41,-1.17,-117.00000000000728
2025.05.06 04:08:08,2025.05.06 04:40:54,XAUUSD,BUY,0.01,3353.28,3371.02,17.74,1773.9999999999782
2025.05.06 04:07:20,2025.05.06 04:10:45,XAUUSD,BUY,0.01,3352.35,3362.89,10.54,1053.9999999999964
2025.05.06 04:07:20,2025.05.06 04:10:44,XAUUSD,BUY,0.01,3352.33,3362.84,10.51,1051.0000000000218
2025.05.01 03:24:30,2025.05.01 15:56:00,XAUUSD,SELL,0.01,3260.82,3232.52,28.3,2830.000000000018
2025.05.01 03:20:03,2025.05.01 03:35:01,XAUUSD,SELL,0.01,3263.27,3247.73,15.54,1553.9999999999964
2025.05.01 03:20:02,2025.05.01 03:24:33,XAUUSD,SELL,0.01,3263.17,3255.5,7.67,767.0000000000073
2025.05.01 03:20:02,2025.05.01 03:24:33,XAUUSD,SELL,0.01,3263.17,3254.93,8.24,824.0000000000236
2025.04.30 15:05:01,2025.04.30 15:06:00,XAUUSD,SELL,0.01,3268.1,3270.69,-2.59,-259.00000000001455
2025.04.23 16:38:49,2025.04.23 16:53:45,XAUUSD,SELL,0.01,3285.45,3279.35,6.1,609.9999999999909
2025.04.23 16:38:49,2025.04.23 16:51:00,XAUUSD,SELL,0.01,3284.99,3274.53,10.46,1045.9999999999582
2025.04.23 16:40:27,2025.04.23 16:51:00,XAUUSD,SELL,0.01,3285.29,3274.51,10.78,1077.9999999999745
2025.04.23 16:38:49,2025.04.23 16:51:00,XAUUSD,SELL,0.01,3285.37,3274.47,10.9,1090.000000000009
2025.04.21 03:33:17,2025.04.21 04:08:01,XAUUSD,BUY,0.01,3357.87,3376.17,18.3,1830.0000000000182
2025.04.21 03:12:20,2025.04.21 03:43:42,XAUUSD,BUY,0.01,3355.96,3367.77,11.81,1180.9999999999945
2025.04.21 03:29:07,2025.04.21 03:43:41,XAUUSD,BUY,0.01,3356.23,3367.77,11.54,1153.9999999999964
2025.04.21 03:12:20,2025.04.21 03:43:41,XAUUSD,BUY,0.01,3355.63,3367.74,12.11,1210.9999999999673
2025.04.21 03:29:07,2025.04.21 03:43:41,XAUUSD,BUY,0.01,3356.23,3367.74,11.51,1150.9999999999764
2025.04.21 03:30:11,2025.04.21 03:43:41,XAUUSD,BUY,0.01,3356.49,3367.72,11.23,1123.0000000000018
2025.04.16 02:37:00,2025.04.17 01:02:00,XAUUSD,BUY,0.01,3245.22,3348.17,102.95,10295.000000000027
2025.04.16 02:36:10,2025.04.16 03:00:45,XAUUSD,BUY,0.01,3244.38,3255.62,11.24,1123.9999999999782
2025.04.16 02:36:08,2025.04.16 03:00:25,XAUUSD,BUY,0.01,3244.23,3255.08,10.85,1084.999999999991
2025.04.16 02:37:05,2025.04.16 02:38:00,XAUUSD,BUY,0.01,3247.81,3244.93,-2.88,-288.0000000000109
2025.04.10 18:15:10,2025.04.11 01:33:11,XAUUSD,BUY,0.01,3163.72,3187.28,23.56,2356.00000000004
2025.04.10 18:25:17,2025.04.10 22:59:26,XAUUSD,BUY,0.01,3166.88,3170.43,3.55,354.9999999999727
2025.04.10 18:24:54,2025.04.10 18:43:32,XAUUSD,BUY,0.02,3165.56,3167.14,3.16,157.99999999999272
2025.04.10 18:25:06,2025.04.10 18:43:28,XAUUSD,BUY,0.01,3165.7,3167.19,1.49,149.00000000002365
2025.04.10 18:25:39,2025.04.10 18:43:16,XAUUSD,BUY,0.01,3168.12,3168.78,0.66,66.00000000003092
2025.04.10 18:25:08,2025.04.10 18:31:23,XAUUSD,BUY,0.01,3166.41,3167.19,0.78,78.00000000002001
2025.04.10 18:25:08,2025.04.10 18:31:23,XAUUSD,BUY,0.01,3166.41,3167.35,0.94,94.00000000000546
2025.04.10 16:23:46,2025.04.10 17:10:12,XAUUSD,BUY,0.01,3135.02,3144.9,9.88,988.0000000000109
2025.04.10 16:24:16,2025.04.10 16:25:00,XAUUSD,BUY,0.01,3136.37,3134.84,-1.53,-152.99999999997453
2025.04.07 01:06:20,2025.04.07 01:06:55,XAUUSD,SELL,0.01,2997.21,3008.51,-11.3,-1130.0000000000182
2025.04.04 17:01:40,2025.04.04 17:20:03,XAUUSD,SELL,0.01,3055.2,3049.12,6.08,607.9999999999927
2025.04.04 17:01:40,2025.04.04 17:07:55,XAUUSD,SELL,0.01,3054.94,3054.31,0.63,63.000000000010914
2025.04.03 13:57:00,2025.04.03 14:03:02,XAUUSD,SELL,0.01,3102.5,3095.23,7.27,726.9999999999982
2025.04.03 13:34:58,2025.04.03 14:03:02,XAUUSD,SELL,0.01,3102.72,3095.36,7.36,735.9999999999673
2025.04.03 02:01:31,2025.04.03 02:50:35,XAUUSD,BUY,0.01,3148.87,3166.29,17.42,1742.0000000000073
2025.04.03 02:00:17,2025.04.03 02:18:59,XAUUSD,BUY,0.01,3147.75,3158.48,10.73,1073.0000000000018
2025.04.03 02:00:13,2025.04.03 02:18:17,XAUUSD,BUY,0.01,3147.47,3157.92,10.45,1045.0000000000273
2025.03.27 17:39:34,2025.04.03 02:02:57,XAUUSD,BUY,0.01,3058.54,3150.03,91.49,9149.000000000024
2025.04.03 01:16:32,2025.04.03 01:30:01,XAUUSD,BUY,0.01,3146.46,3136.54,-9.92,-992.0000000000073
2025.04.03 01:16:32,2025.04.03 01:30:00,XAUUSD,BUY,0.01,3146.75,3136.64,-10.11,-1011.0000000000127
2025.04.03 01:16:39,2025.04.03 01:29:02,XAUUSD,BUY,0.01,3147.73,3132.01,-15.72,-1571.99999999998
2025.03.27 17:39:33,2025.03.28 06:34:21,XAUUSD,BUY,0.01,3055.72,3069.65,13.93,1393.000000000029
2025.03.27 17:39:33,2025.03.28 05:45:43,XAUUSD,BUY,0.01,3055.69,3070.21,14.52,1451.9999999999982
2025.03.27 17:38:43,2025.03.28 05:04:49,XAUUSD,BUY,0.01,3053.48,3075.37,21.89,2188.9999999999873
2025.03.27 13:26:21,2025.03.28 05:04:49,XAUUSD,BUY,0.01,3053.5,3075.37,21.87,2186.999999999989
2025.03.27 14:52:07,2025.03.28 05:04:48,XAUUSD,BUY,0.01,3053.49,3075.33,21.84,2184.0000000000146
2025.03.27 13:30:25,2025.03.28 05:04:48,XAUUSD,BUY,0.01,3053.45,3075.37,21.92,2192.0000000000073
2025.03.27 17:39:35,2025.03.28 05:00:03,XAUUSD,BUY,0.01,3058.41,3074.26,15.85,1585.0000000000364
2025.03.27 17:39:34,2025.03.28 04:15:47,XAUUSD,BUY,0.01,3058.54,3066.14,7.6,759.9999999999909
2025.03.27 17:39:34,2025.03.28 03:14:16,XAUUSD,BUY,0.01,3057.64,3058.73,1.09,109.00000000001455
2025.03.27 13:36:14,2025.03.27 16:22:04,XAUUSD,BUY,0.01,3055.16,3039.86,-15.3,-1529.9999999999727
2025.03.27 13:36:51,2025.03.27 16:12:00,XAUUSD,BUY,0.01,3055.79,3045.13,-10.66,-1065.9999999999854
2025.03.27 14:17:03,2025.03.27 14:18:02,XAUUSD,BUY,0.01,3055.61,3053.62,-1.99,-199.00000000002365
2025.03.27 14:09:10,2025.03.27 14:10:00,XAUUSD,BUY,0.01,3053.42,3052.38,-1.04,-103.99999999999636
2025.03.27 13:46:04,2025.03.27 14:00:00,XAUUSD,BUY,0.01,3053.45,3051.41,-2.04,-203.99999999999636
2025.03.27 07:23:18,2025.03.27 13:26:12,XAUUSD,BUY,0.01,3035.8,3052.62,16.82,1681.999999999971
2025.03.27 07:09:43,2025.03.27 13:26:12,XAUUSD,BUY,0.01,3035.91,3052.62,16.71,1671.0000000000036
2025.03.27 07:07:00,2025.03.27 13:07:39,XAUUSD,BUY,0.01,3034.53,3044.95,10.42,1041.9999999999618
2025.03.27 07:07:07,2025.03.27 07:40:20,XAUUSD,BUY,0.01,3034.45,3035.34,0.89,89.00000000003274
2025.03.18 04:28:16,2025.03.18 08:15:57,XAUUSD,BUY,0.01,3004.87,3011.32,6.45,645.0000000000273
2025.03.18 04:22:47,2025.03.18 05:02:28,XAUUSD,BUY,0.01,3003.62,3004.47,0.85,84.9999999999909
2025.03.18 04:22:44,2025.03.18 05:02:28,XAUUSD,BUY,0.01,3003.5,3004.47,0.97,96.99999999997999
2025.03.18 04:32:35,2025.03.18 04:45:00,XAUUSD,BUY,0.01,3004.95,3004.26,-0.69,-68.99999999995998
2025.03.18 03:31:54,2025.03.18 03:45:01,XAUUSD,BUY,0.01,3003.55,3001.76,-1.79,-178.99999999999636
2025.03.18 03:31:53,2025.03.18 03:45:00,XAUUSD,BUY,0.01,3003.57,3001.76,-1.81,-180.99999999999454
2025.03.13 17:35:11,2025.03.14 18:04:01,XAUUSD,BUY,0.01,2955.69,2980.23,24.54,2453.9999999999964
2025.03.13 17:30:56,2025.03.13 18:46:24,XAUUSD,BUY,0.02,2954.45,2969.28,29.66,1483.0000000000382
2025.03.13 17:01:31,2025.03.13 18:14:05,XAUUSD,BUY,0.01,2952.29,2973.66,21.37,2136.999999999989
2025.03.13 17:17:07,2025.03.13 17:18:00,XAUUSD,BUY,0.02,2953.93,2952.74,-2.38,-119.00000000000546
2025.03.13 16:45:01,2025.03.13 16:46:00,XAUUSD,BUY,0.01,2952.3,2951.7,-0.6,-60.00000000003638
2025.03.12 19:08:18,2025.03.13 06:53:31,XAUUSD,BUY,0.01,2930.41,2947.05,16.64,1664.0000000000327
2025.03.12 18:54:02,2025.03.12 22:25:50,XAUUSD,BUY,0.02,2928.64,2933.14,9.0,450.0
2025.03.12 19:08:10,2025.03.12 22:17:05,XAUUSD,BUY,0.01,2929.81,2933.42,3.61,361.00000000001273
2025.03.12 19:07:07,2025.03.12 19:30:21,XAUUSD,BUY,0.01,2929.17,2938.74,9.57,956.9999999999709
2025.03.12 19:01:00,2025.03.12 19:30:21,XAUUSD,BUY,0.01,2929.16,2938.74,9.58,957.9999999999927
2025.03.12 18:55:31,2025.03.12 18:56:00,XAUUSD,BUY,0.01,2929.01,2928.72,-0.29,-29.000000000041837
2025.03.12 18:55:31,2025.03.12 18:56:00,XAUUSD,BUY,0.01,2929.04,2928.69,-0.35,-34.999999999990905
2025.03.10 20:10:28,2025.03.10 21:36:54,XAUUSD,SELL,0.01,2892.42,2885.96,6.46,646.0000000000036
2025.03.10 20:10:30,2025.03.10 21:03:30,XAUUSD,SELL,0.01,2891.67,2882.04,9.63,963.0000000000109
2025.03.10 20:10:28,2025.03.10 20:43:25,XAUUSD,SELL,0.01,2892.44,2883.14,9.3,930.0000000000182
2025.03.07 17:00:07,2025.03.07 20:30:06,XAUUSD,BUY,0.01,2928.74,2906.78,-21.96,-2195.999999999958
2025.03.07 16:56:03,2025.03.07 20:30:06,XAUUSD,BUY,0.01,2928.64,2906.78,-21.86,-2185.9999999999673
2025.03.07 17:00:32,2025.03.07 20:15:50,XAUUSD,BUY,0.01,2929.84,2904.03,-25.81,-2580.9999999999945
2025.03.07 16:56:03,2025.03.07 19:20:54,XAUUSD,BUY,0.01,2928.74,2908.78,-19.96,-1995.9999999999582
2025.03.07 17:00:07,2025.03.07 19:20:53,XAUUSD,BUY,0.01,2928.77,2908.78,-19.99,-1998.9999999999782
2025.03.05 18:18:25,2025.03.06 11:11:05,XAUUSD,BUY,0.01,2926.43,2904.33,-22.1,-2209.999999999991
2025.03.05 18:20:01,2025.03.06 11:11:05,XAUUSD,BUY,0.01,2926.43,2904.39,-22.04,-2203.9999999999964
2025.03.05 18:20:43,2025.03.06 10:49:38,XAUUSD,BUY,0.01,2927.79,2902.53,-25.26,-2525.9999999999764
2025.03.05 18:18:27,2025.03.05 18:46:01,XAUUSD,BUY,0.01,2926.6,2927.44,0.84,84.00000000001455
2025.02.28 05:42:26,2025.02.28 11:18:05,XAUUSD,SELL,0.01,2865.82,2862.35,3.47,347.00000000002547
2025.02.27 11:08:16,2025.02.27 11:15:01,XAUUSD,SELL,0.01,2878.9,2886.92,-8.02,-801.9999999999982
2025.02.27 07:37:03,2025.02.27 11:13:10,XAUUSD,SELL,0.01,2890.01,2886.22,3.79,379.00000000004184
2025.02.27 09:33:17,2025.02.27 10:19:43,XAUUSD,SELL,0.01,2889.46,2889.09,0.37,36.999999999989086
2025.02.27 07:37:04,2025.02.27 10:19:42,XAUUSD,SELL,0.01,2889.99,2889.1,0.89,88.99999999998727
2025.02.27 07:40:05,2025.02.27 10:19:41,XAUUSD,SELL,0.01,2889.98,2889.09,0.89,88.99999999998727
2025.02.27 09:33:15,2025.02.27 10:19:40,XAUUSD,SELL,0.01,2889.91,2888.96,0.95,94.99999999998181
2025.02.27 09:43:06,2025.02.27 10:18:47,XAUUSD,SELL,0.01,2889.55,2888.64,0.91,91.00000000003092
2025.02.27 09:33:25,2025.02.27 10:18:47,XAUUSD,SELL,0.01,2889.42,2888.64,0.78,78.00000000002001
2025.02.27 07:38:45,2025.02.27 10:18:46,XAUUSD,SELL,0.01,2888.8,2888.47,0.33,33.0000000000382
2025.02.27 07:38:45,2025.02.27 10:17:19,XAUUSD,SELL,0.01,2888.74,2887.86,0.88,87.99999999996544
2025.02.25 17:21:25,2025.02.25 21:49:44,XAUUSD,SELL,0.01,2917.28,2913.64,3.64,364.00000000003274
2025.02.25 17:21:26,2025.02.25 17:31:55,XAUUSD,SELL,0.01,2917.22,2901.78,15.44,1543.99999999996
2025.02.25 17:21:26,2025.02.25 17:30:41,XAUUSD,SELL,0.01,2917.26,2907.26,10.0,1000.0
2025.02.25 17:21:26,2025.02.25 17:30:31,XAUUSD,SELL,0.01,2917.4,2908.4,9.0,900.0
2025.02.24 15:53:57,2025.02.25 14:50:39,XAUUSD,BUY,0.01,2953.49,2928.92,-24.57,-2456.999999999971
2025.02.24 15:57:33,2025.02.25 14:50:39,XAUUSD,BUY,0.01,2953.85,2928.92,-24.93,-2492.9999999999836
2025.02.24 15:53:57,2025.02.25 10:04:21,XAUUSD,BUY,0.01,2953.49,2932.69,-20.8,-2079.9999999999727
2025.02.24 15:57:35,2025.02.24 16:28:36,XAUUSD,BUY,0.01,2954.22,2939.78,-14.44,-1443.99999999996
2025.02.24 16:00:28,2025.02.24 16:15:00,XAUUSD,BUY,0.01,2954.85,2950.77,-4.08,-407.9999999999927
2025.02.21 10:21:04,2025.02.24 10:52:21,XAUUSD,SELL,0.01,2920.0,2946.35,-26.35,-2634.999999999991
2025.02.21 10:21:03,2025.02.24 10:39:07,XAUUSD,SELL,0.01,2920.27,2940.1,-19.83,-1982.9999999999927
2025.02.19 03:50:41,2025.02.20 14:24:35,XAUUSD,BUY,0.01,2938.84,2940.1,1.26,125.99999999997635
2025.02.19 10:23:51,2025.02.20 14:24:35,XAUUSD,BUY,0.01,2938.76,2940.11,1.35,134.9999999999909
2025.02.19 11:15:48,2025.02.19 17:59:31,XAUUSD,BUY,0.01,2942.5,2927.44,-15.06,-1505.9999999999945
2025.02.19 11:15:11,2025.02.19 16:26:14,XAUUSD,BUY,0.02,2940.76,2930.28,-20.96,-1048.0000000000018
2025.02.19 10:26:16,2025.02.19 13:49:29,XAUUSD,BUY,0.01,2938.48,2939.38,0.9,90.0000000000091
2025.02.19 03:50:41,2025.02.19 13:49:28,XAUUSD,BUY,0.01,2938.84,2939.72,0.88,87.99999999996544
2025.02.19 03:56:04,2025.02.19 13:49:28,XAUUSD,BUY,0.01,2938.74,2939.72,0.98,98.00000000000182
2025.02.19 10:23:43,2025.02.19 13:49:28,XAUUSD,BUY,0.01,2938.66,2939.72,1.06,105.99999999999454
2025.02.19 11:15:11,2025.02.19 13:39:56,XAUUSD,BUY,0.02,2940.92,2941.04,0.24,11.999999999989086
2025.02.19 10:23:51,2025.02.19 13:39:51,XAUUSD,BUY,0.01,2938.76,2941.1,2.34,233.99999999996908
2025.02.19 03:50:41,2025.02.19 13:39:51,XAUUSD,BUY,0.01,2938.84,2941.1,2.26,225.99999999997635
2025.02.19 11:15:15,2025.02.19 13:38:10,XAUUSD,BUY,0.01,2941.45,2942.4,0.95,95.00000000002728
2025.02.19 11:15:49,2025.02.19 12:14:34,XAUUSD,BUY,0.01,2942.58,2942.91,0.33,32.999999999992724
2025.02.19 10:55:00,2025.02.19 10:56:00,XAUUSD,BUY,0.01,2938.76,2937.97,-0.79,-79.00000000004184
2025.02.19 10:36:35,2025.02.19 10:45:00,XAUUSD,BUY,0.01,2939.96,2938.34,-1.62,-161.9999999999891
2025.02.19 03:58:01,2025.02.19 04:50:11,XAUUSD,BUY,0.01,2939.81,2925.0,-14.81,-1480.9999999999945
2025.02.19 04:17:16,2025.02.19 04:18:00,XAUUSD,BUY,0.01,2938.7,2937.99,-0.71,-71.00000000000364
2025.02.07 17:08:37,2025.02.07 17:53:19,XAUUSD,BUY,0.01,2880.92,2881.01,0.09,9.000000000014552
2025.02.07 17:16:43,2025.02.07 17:53:19,XAUUSD,BUY,0.01,2880.79,2881.12,0.33,32.999999999992724
2025.02.07 17:18:28,2025.02.07 17:53:19,XAUUSD,BUY,0.01,2880.96,2881.3,0.34,34.00000000001455
2025.02.07 17:08:37,2025.02.07 17:53:19,XAUUSD,BUY,0.01,2880.92,2881.3,0.38,38.000000000010914
2025.02.07 17:19:07,2025.02.07 17:50:10,XAUUSD,BUY,0.01,2882.42,2882.65,0.23,23.00000000000182
2025.02.04 15:21:36,2025.02.04 15:52:18,XAUUSD,BUY,0.01,2829.71,2830.95,1.24,123.99999999997817
2025.02.03 16:32:08,2025.02.03 16:49:52,XAUUSD,BUY,0.01,2815.9,2825.48,9.58,957.9999999999927
2025.01.30 16:50:32,2025.01.31 14:36:35,XAUUSD,BUY,0.01,2786.37,2806.37,20.0,2000.0
2025.01.30 16:25:57,2025.01.31 14:36:19,XAUUSD,BUY,0.01,2786.43,2806.12,19.69,1969.0000000000055
2025.01.30 15:02:21,2025.01.31 14:04:22,XAUUSD,BUY,0.01,2783.09,2802.24,19.15,1914.9999999999636
2025.01.30 15:57:52,2025.01.30 19:02:42,XAUUSD,BUY,0.01,2785.46,2788.94,3.48,348.0000000000018
2025.01.30 16:28:05,2025.01.30 19:02:41,XAUUSD,BUY,0.02,2787.65,2789.08,2.86,142.99999999998363
2025.01.30 15:42:26,2025.01.30 18:24:33,XAUUSD,BUY,0.02,2784.19,2791.25,14.12,705.9999999999945
2025.01.30 16:23:12,2025.01.30 18:16:10,XAUUSD,BUY,0.01,2785.86,2793.42,7.56,755.9999999999945
2025.01.30 16:15:21,2025.01.30 17:50:29,XAUUSD,BUY,0.01,2784.72,2793.91,9.19,919.0000000000055
2025.01.30 15:52:52,2025.01.30 17:50:29,XAUUSD,BUY,0.01,2784.7,2793.91,9.21,921.0000000000036
2025.01.30 16:22:45,2025.01.30 17:50:29,XAUUSD,BUY,0.01,2784.77,2793.91,9.14,913.9999999999873
2025.01.30 16:15:21,2025.01.30 16:30:16,XAUUSD,BUY,0.01,2784.66,2785.52,0.86,86.00000000001273
2025.01.30 15:52:57,2025.01.30 16:30:15,XAUUSD,BUY,0.01,2784.77,2785.66,0.89,88.99999999998727
2025.01.30 16:00:01,2025.01.30 16:01:00,XAUUSD,BUY,0.01,2785.96,2785.41,-0.55,-55.00000000001819
2025.01.30 15:58:06,2025.01.30 15:59:00,XAUUSD,BUY,0.01,2785.93,2785.24,-0.69,-69.00000000000546
2025.01.30 15:55:31,2025.01.30 15:56:00,XAUUSD,BUY,0.01,2784.7,2783.92,-0.78,-77.99999999997453
2025.01.30 15:31:26,2025.01.30 15:32:00,XAUUSD,BUY,0.01,2782.32,2781.45,-0.87,-87.00000000003456
2025.01.30 15:20:33,2025.01.30 15:30:00,XAUUSD,BUY,0.01,2782.32,2780.7,-1.62,-162.00000000003456
2025.01.30 08:58:04,2025.01.30 15:01:11,XAUUSD,BUY,0.01,2766.37,2781.58,15.21,1521.0000000000036
2025.01.30 08:57:38,2025.01.30 10:52:52,XAUUSD,BUY,0.01,2764.92,2774.19,9.27,926.9999999999982
2025.01.30 08:57:38,2025.01.30 09:31:14,XAUUSD,BUY,0.01,2765.05,2765.93,0.88,87.99999999996544
2025.01.27 18:49:28,2025.01.27 19:32:29,XAUUSD,SELL,0.01,2737.7,2736.83,0.87,86.99999999998909
2025.01.27 18:49:30,2025.01.27 19:30:48,XAUUSD,SELL,0.01,2736.61,2736.26,0.35,34.999999999990905
2025.01.27 18:49:30,2025.01.27 19:27:17,XAUUSD,SELL,0.01,2736.61,2735.93,0.68,68.0000000000291
2025.01.24 04:00:12,2025.01.24 05:23:13,XAUUSD,BUY,0.01,2763.44,2772.49,9.05,904.9999999999727
2025.01.24 03:59:01,2025.01.24 04:38:01,XAUUSD,BUY,0.01,2762.53,2771.8,9.27,926.9999999999982
2025.01.24 03:14:27,2025.01.24 04:38:01,XAUUSD,BUY,0.01,2762.22,2771.69,9.47,947.0000000000255
2025.01.24 03:59:01,2025.01.24 04:20:00,XAUUSD,BUY,0.01,2762.47,2771.11,8.64,864.0000000000327
2025.01.24 03:13:57,2025.01.24 04:19:59,XAUUSD,BUY,0.01,2762.09,2771.36,9.27,926.9999999999982
2025.01.21 04:39:13,2025.01.23 11:36:08,XAUUSD,BUY,0.01,2724.58,2741.0,16.42,1642.0000000000073
2025.01.21 04:31:02,2025.01.21 18:18:32,XAUUSD,BUY,0.01,2722.49,2742.01,19.52,1952.0000000000437
2025.01.21 04:26:35,2025.01.21 18:18:32,XAUUSD,BUY,0.01,2722.36,2741.78,19.42,1942.0000000000073
2025.01.21 04:38:48,2025.01.21 10:15:53,XAUUSD,BUY,0.02,2723.91,2725.35,2.88,144.00000000000546
2025.01.21 04:31:24,2025.01.21 09:07:48,XAUUSD,BUY,0.02,2722.98,2723.05,0.14,7.000000000016371
2025.01.21 04:37:06,2025.01.21 08:31:52,XAUUSD,BUY,0.01,2723.71,2724.58,0.87,86.99999999998909
2025.01.21 04:39:21,2025.01.21 08:30:34,XAUUSD,BUY,0.01,2724.91,2725.13,0.22,22.000000000025466
2025.01.21 04:37:06,2025.01.21 06:42:49,XAUUSD,BUY,0.01,2723.71,2724.24,0.53,52.999999999974534
2025.01.21 04:13:02,2025.01.21 04:14:00,XAUUSD,BUY,0.01,2722.42,2721.7,-0.72,-72.00000000002547
2025.01.16 18:54:06,2025.01.20 05:04:40,XAUUSD,BUY,0.01,2722.36,2698.96,-23.4,-2340.000000000009
2025.01.16 19:05:34,2025.01.20 05:04:40,XAUUSD,BUY,0.01,2722.48,2699.16,-23.32,-2332.0000000000164
2025.01.16 19:18:31,2025.01.20 05:04:40,XAUUSD,BUY,0.01,2722.62,2699.15,-23.47,-2346.99999999998
2025.01.16 19:36:37,2025.01.17 03:04:41,XAUUSD,BUY,0.02,2724.23,2710.65,-27.16,-1357.9999999999927
2025.01.16 20:05:23,2025.01.16 20:15:00,XAUUSD,BUY,0.01,2722.66,2720.86,-1.8,-179.99999999997272
2025.01.15 23:11:51,2025.01.16 14:35:06,XAUUSD,BUY,0.01,2697.29,2700.46,3.17,317.0000000000073
2025.01.15 22:54:01,2025.01.16 14:11:09,XAUUSD,BUY,0.02,2696.04,2704.28,16.48,824.0000000000236
2025.01.16 02:18:06,2025.01.16 10:53:32,XAUUSD,BUY,0.01,2697.83,2698.13,0.3,30.00000000001819
2025.01.16 02:16:59,2025.01.16 03:50:39,XAUUSD,BUY,0.01,2696.61,2697.36,0.75,75.0
2025.01.15 23:51:55,2025.01.16 03:50:39,XAUUSD,BUY,0.01,2696.51,2697.36,0.85,84.9999999999909
2025.01.15 23:00:15,2025.01.16 03:50:39,XAUUSD,BUY,0.01,2696.6,2697.29,0.69,69.00000000000546
2025.01.15 23:05:25,2025.01.16 03:50:39,XAUUSD,BUY,0.01,2696.6,2697.29,0.69,69.00000000000546
2025.01.15 23:10:28,2025.01.16 03:50:39,XAUUSD,BUY,0.01,2696.6,2697.41,0.81,80.99999999999454
2025.01.15 23:52:47,2025.01.16 03:50:39,XAUUSD,BUY,0.01,2696.67,2697.41,0.74,73.99999999997817
2025.01.15 22:59:52,2025.01.16 03:50:35,XAUUSD,BUY,0.01,2696.72,2697.65,0.93,93.0000000000291
2025.01.15 22:59:44,2025.01.16 03:50:35,XAUUSD,BUY,0.01,2696.63,2697.65,1.02,101.99999999999818
2025.01.08 16:31:47,2025.01.08 19:39:10,XAUUSD,BUY,0.01,2665.38,2651.35,-14.03,-1403.00000000002
2025.01.08 16:03:40,2025.01.08 19:29:08,XAUUSD,BUY,0.02,2663.47,2663.12,-0.7,-34.999999999990905
2025.01.08 16:31:32,2025.01.08 19:28:57,XAUUSD,BUY,0.01,2664.09,2665.02,0.93,92.99999999998363
2025.01.07 15:57:55,2025.01.08 19:28:54,XAUUSD,BUY,0.01,2664.28,2665.04,0.76,75.99999999997635
2025.01.08 16:32:05,2025.01.08 19:28:45,XAUUSD,BUY,0.01,2665.49,2665.76,0.27,27.000000000043656
2025.01.08 16:03:40,2025.01.08 16:44:16,XAUUSD,BUY,0.01,2663.42,2664.24,0.82,81.9999999999709
2025.01.08 16:31:38,2025.01.08 16:44:14,XAUUSD,BUY,0.01,2664.24,2664.99,0.75,75.0
2025.01.08 16:13:04,2025.01.08 16:14:01,XAUUSD,BUY,0.01,2664.28,2663.01,-1.27,-126.99999999999818
2025.01.08 16:13:03,2025.01.08 16:14:00,XAUUSD,BUY,0.01,2664.18,2663.02,-1.16,-115.99999999998545
2025.01.08 16:13:03,2025.01.08 16:14:00,XAUUSD,BUY,0.01,2664.11,2663.0,-1.11,-111.00000000001273
2025.01.07 15:57:56,2025.01.07 17:10:19,XAUUSD,BUY,0.01,2664.21,2645.82,-18.39,-1838.9999999999873
2024.12.18 21:38:36,2024.12.19 03:33:10,XAUUSD,SELL,0.01,2614.73,2606.69,8.04,803.9999999999964
2024.12.18 21:38:36,2024.12.18 23:02:12,XAUUSD,SELL,0.02,2614.7,2595.48,38.44,1921.99999999998
2024.12.18 17:09:28,2024.12.18 21:08:43,XAUUSD,SELL,0.01,2634.31,2619.63,14.68,1467.9999999999836
2024.12.18 21:00:03,2024.12.18 21:08:43,XAUUSD,SELL,0.01,2629.08,2619.63,9.45,944.9999999999818
2024.12.18 18:43:07,2024.12.18 21:08:43,XAUUSD,SELL,0.01,2634.52,2619.63,14.89,1488.9999999999873
2024.12.18 17:10:38,2024.12.18 21:05:20,XAUUSD,SELL,0.01,2634.04,2625.12,8.92,892.0000000000073
2024.12.18 21:00:03,2024.12.18 21:05:20,XAUUSD,SELL,0.01,2630.37,2625.03,5.34,533.9999999999691
2024.12.18 21:00:03,2024.12.18 21:04:40,XAUUSD,SELL,0.01,2630.1,2625.91,4.19,419.00000000000546
2024.12.18 19:01:55,2024.12.18 19:15:00,XAUUSD,SELL,0.01,2634.76,2635.76,-1.0,-100.0
2024.12.18 18:45:01,2024.12.18 19:00:02,XAUUSD,SELL,0.01,2634.42,2634.86,-0.44,-44.00000000000546
2024.12.18 18:46:23,2024.12.18 19:00:01,XAUUSD,SELL,0.01,2634.14,2634.88,-0.74,-74.00000000002365
2024.12.18 18:55:32,2024.12.18 19:00:01,XAUUSD,SELL,0.01,2634.7,2634.89,-0.19,-19.000000000005457
2024.12.18 18:45:01,2024.12.18 19:00:00,XAUUSD,SELL,0.01,2634.37,2634.89,-0.52,-51.99999999999818
2024.12.18 18:42:17,2024.12.18 18:43:00,XAUUSD,SELL,0.01,2634.66,2634.83,-0.17,-17.000000000007276
2024.12.17 10:57:03,2024.12.17 13:57:44,XAUUSD,SELL,0.01,2641.98,2641.75,0.23,23.00000000000182
2024.12.17 10:57:03,2024.12.17 13:52:52,XAUUSD,SELL,0.01,2641.98,2641.19,0.79,78.99999999999636
2024.12.17 10:57:03,2024.12.17 12:18:06,XAUUSD,SELL,0.01,2642.17,2641.51,0.66,65.99999999998545
2024.12.11 19:06:43,2024.12.12 03:08:33,XAUUSD,BUY,0.02,2719.71,2719.7,-0.02,-1.0000000000218279
2024.12.12 01:38:57,2024.12.12 03:08:30,XAUUSD,BUY,0.02,2719.87,2719.85,-0.04,-1.999999999998181
2024.12.11 21:45:03,2024.12.11 22:00:00,XAUUSD,BUY,0.02,2719.71,2718.13,-3.16,-157.99999999999272
2024.12.11 20:20:57,2024.12.11 20:30:00,XAUUSD,BUY,0.01,2720.91,2719.49,-1.42,-142.00000000000728
2024.12.09 11:50:01,2024.12.09 21:46:53,XAUUSD,BUY,0.01,2656.58,2659.86,3.28,328.00000000002
2024.12.09 15:58:12,2024.12.09 17:27:45,XAUUSD,BUY,0.01,2666.44,2671.41,4.97,496.99999999998
2024.12.09 11:50:01,2024.12.09 16:43:03,XAUUSD,BUY,0.01,2657.22,2671.78,14.56,1456.00000000004
2024.12.09 16:00:01,2024.12.09 16:38:20,XAUUSD,BUY,0.01,2666.17,2666.45,0.28,27.999999999974534
2024.12.09 15:50:04,2024.12.09 15:51:00,XAUUSD,BUY,0.01,2665.12,2663.83,-1.29,-128.99999999999636
2024.12.09 11:48:50,2024.12.09 13:29:24,XAUUSD,BUY,0.01,2656.13,2656.8,0.67,67.00000000000728
2024.12.09 11:48:51,2024.12.09 13:29:24,XAUUSD,BUY,0.01,2656.09,2656.67,0.58,57.999999999992724
2024.12.05 20:27:41,2024.12.06 05:25:36,XAUUSD,SELL,0.01,2623.6,2637.18,-13.58,-1357.9999999999927
2024.12.06 03:08:29,2024.12.06 03:21:09,XAUUSD,SELL,0.01,2623.32,2619.31,4.01,401.0000000000218
2024.12.06 03:08:29,2024.12.06 03:10:37,XAUUSD,SELL,0.01,2623.38,2614.88,8.5,850.0
2024.12.06 03:08:41,2024.12.06 03:10:37,XAUUSD,SELL,0.01,2623.06,2614.88,8.18,817.9999999999836
2024.12.05 17:30:05,2024.12.05 20:37:06,XAUUSD,SELL,0.01,2633.91,2628.54,5.37,536.9999999999891
2024.12.05 17:28:27,2024.12.05 20:37:06,XAUUSD,SELL,0.01,2633.55,2628.54,5.01,501.0000000000218
2024.12.05 17:28:27,2024.12.05 19:42:47,XAUUSD,SELL,0.01,2633.38,2624.39,8.99,899.0000000000236
2024.12.05 17:40:15,2024.12.05 19:27:09,XAUUSD,SELL,0.01,2634.05,2625.21,8.84,884.0000000000146
2024.12.05 17:30:00,2024.12.05 19:27:09,XAUUSD,SELL,0.01,2633.96,2625.22,8.74,874.0000000000236
2024.12.05 17:28:25,2024.12.05 19:27:09,XAUUSD,SELL,0.01,2634.03,2625.22,8.81,881.00000000004
2024.12.04 17:25:34,2024.12.05 17:46:02,XAUUSD,BUY,0.01,2655.0,2634.93,-20.07,-2007.0000000000164
2024.12.05 17:39:03,2024.12.05 17:40:00,XAUUSD,SELL,0.01,2633.98,2634.45,-0.47,-46.99999999997999
2024.12.04 17:25:49,2024.12.05 17:28:25,XAUUSD,BUY,0.01,2655.45,2634.27,-21.18,-2117.9999999999836
2024.12.02 07:23:24,2024.12.02 13:35:15,XAUUSD,SELL,0.01,2622.26,2644.86,-22.6,-2259.999999999991
2024.12.02 07:23:24,2024.12.02 13:29:23,XAUUSD,SELL,0.01,2622.26,2639.95,-17.69,-1768.99999999996
2024.12.02 08:05:39,2024.12.02 08:15:00,XAUUSD,SELL,0.01,2622.36,2623.92,-1.56,-155.99999999999454
2024.12.02 08:05:39,2024.12.02 08:15:00,XAUUSD,SELL,0.01,2622.36,2623.92,-1.56,-155.99999999999454
2024.11.29 04:17:43,2024.11.29 04:39:31,XAUUSD,BUY,0.01,2657.34,2658.14,0.8,79.99999999997272
2024.11.29 04:17:43,2024.11.29 04:39:31,XAUUSD,BUY,0.01,2657.34,2658.14,0.8,79.99999999997272
2024.11.29 04:22:01,2024.11.29 04:31:59,XAUUSD,BUY,0.01,2658.55,2658.89,0.34,33.99999999996908
2024.11.19 04:11:13,2024.11.19 09:10:59,XAUUSD,BUY,0.01,2618.71,2618.96,0.25,25.0
2024.11.19 03:13:23,2024.11.19 08:54:53,XAUUSD,BUY,0.01,2617.61,2626.58,8.97,896.99999999998
2024.11.19 04:05:28,2024.11.19 08:54:53,XAUUSD,BUY,0.01,2617.62,2626.58,8.96,896.0000000000036
2024.11.19 03:13:24,2024.11.19 08:53:08,XAUUSD,BUY,0.01,2617.7,2625.56,7.86,786.0000000000127
2024.11.19 04:05:32,2024.11.19 08:53:08,XAUUSD,BUY,0.01,2617.66,2625.56,7.9,790.0000000000091
2024.11.13 18:33:33,2024.11.13 19:37:21,XAUUSD,SELL,0.01,2591.09,2582.44,8.65,865.0000000000091
2024.11.13 18:33:36,2024.11.13 19:11:28,XAUUSD,SELL,0.01,2590.78,2581.69,9.09,909.0000000000146
2024.11.13 18:33:33,2024.11.13 19:05:43,XAUUSD,SELL,0.01,2591.09,2582.88,8.21,821.0000000000036
2024.11.12 07:58:03,2024.11.12 09:28:02,XAUUSD,SELL,0.04,2605.65,2605.46,0.76,19.000000000005457
2024.11.11 15:33:24,2024.11.11 22:35:48,XAUUSD,SELL,0.02,2644.47,2624.02,40.9,2044.9999999999818
2024.11.11 15:33:21,2024.11.11 16:08:15,XAUUSD,SELL,0.01,2644.86,2630.42,14.44,1444.0000000000055
2024.11.11 15:33:23,2024.11.11 15:53:31,XAUUSD,SELL,0.01,2644.54,2635.4,9.14,913.9999999999873
2024.11.11 15:33:21,2024.11.11 15:41:14,XAUUSD,SELL,0.01,2644.86,2636.7,8.16,816.0000000000309
2024.11.06 08:34:57,2024.11.06 08:45:52,XAUUSD,SELL,0.01,2709.5,2707.45,2.05,205.0000000000182
2024.11.06 08:28:23,2024.11.06 08:37:53,XAUUSD,SELL,0.01,2718.51,2703.94,14.57,1457.0000000000164
2024.11.06 08:26:30,2024.11.06 08:34:47,XAUUSD,SELL,0.01,2725.87,2710.89,14.98,1498.0000000000018
2024.11.06 08:26:31,2024.11.06 08:29:21,XAUUSD,SELL,0.01,2725.73,2716.79,8.94,894.0000000000055
2024.11.06 08:26:30,2024.11.06 08:28:28,XAUUSD,SELL,0.01,2725.87,2718.19,7.68,767.9999999999836
2024.11.05 04:33:33,2024.11.05 05:38:31,XAUUSD,SELL,0.01,2731.98,2731.7,0.28,28.00000000002001
2024.11.05 04:33:33,2024.11.05 05:37:47,XAUUSD,SELL,0.01,2731.98,2731.2,0.78,78.00000000002001
2024.11.05 04:33:42,2024.11.05 05:03:18,XAUUSD,SELL,0.01,2731.57,2729.96,1.61,161.00000000001273
2024.11.04 01:02:00,2024.11.04 01:03:00,XAUUSD,SELL,0.01,2732.87,2734.26,-1.39,-139.00000000003274
2024.10.29 16:37:00,2024.10.29 17:35:54,XAUUSD,BUY,0.01,2758.38,2766.67,8.29,828.9999999999964
2024.10.29 16:14:21,2024.10.29 17:18:55,XAUUSD,BUY,0.01,2755.78,2770.14,14.36,1435.9999999999673
2024.10.29 12:19:06,2024.10.29 17:18:55,XAUUSD,BUY,0.01,2755.79,2770.14,14.35,1434.999999999991
2024.10.29 08:01:44,2024.10.29 17:18:55,XAUUSD,BUY,0.01,2755.72,2770.14,14.42,1442.0000000000073
2024.10.29 09:48:07,2024.10.29 17:18:55,XAUUSD,BUY,0.01,2755.75,2770.14,14.39,1438.9999999999873
2024.10.29 12:03:22,2024.10.29 17:18:55,XAUUSD,BUY,0.01,2755.68,2770.14,14.46,1446.0000000000036
2024.10.29 16:36:10,2024.10.29 17:05:37,XAUUSD,BUY,0.01,2757.28,2766.28,9.0,900.0
2024.10.29 16:36:10,2024.10.29 17:03:48,XAUUSD,BUY,0.01,2757.31,2765.38,8.07,807.0000000000164
2024.10.29 05:13:12,2024.10.29 17:03:48,XAUUSD,BUY,0.01,2757.33,2765.38,8.05,805.0000000000182
2024.10.29 16:37:00,2024.10.29 16:59:30,XAUUSD,BUY,0.02,2758.38,2760.36,3.96,198.00000000000182
2024.10.29 16:16:25,2024.10.29 16:30:00,XAUUSD,BUY,0.05,2756.77,2755.15,-8.1,-161.9999999999891
2024.10.29 16:20:00,2024.10.29 16:21:00,XAUUSD,BUY,0.01,2757.32,2756.64,-0.68,-68.0000000000291
2024.10.29 16:17:19,2024.10.29 16:18:00,XAUUSD,BUY,0.01,2757.27,2755.53,-1.74,-173.99999999997817
2024.10.29 16:17:22,2024.10.29 16:18:00,XAUUSD,BUY,0.01,2757.3,2755.63,-1.67,-167.00000000000728
2024.10.29 16:17:15,2024.10.29 16:18:00,XAUUSD,BUY,0.04,2757.16,2755.73,-5.72,-142.99999999998363
2024.10.29 08:07:33,2024.10.29 11:26:56,XAUUSD,BUY,0.05,2756.79,2746.78,-50.05,-1000.9999999999764
2024.10.29 05:11:46,2024.10.29 11:26:56,XAUUSD,BUY,0.05,2756.88,2746.78,-50.5,-1009.9999999999909
2024.10.29 05:11:49,2024.10.29 06:06:36,XAUUSD,BUY,0.04,2757.16,2750.13,-28.12,-702.9999999999745
2024.10.29 04:05:01,2024.10.29 05:46:16,XAUUSD,BUY,0.01,2747.65,2752.68,5.03,502.99999999997453
2024.10.29 05:15:00,2024.10.29 05:16:00,XAUUSD,BUY,0.01,2757.28,2756.41,-0.87,-87.00000000003456
2024.10.29 05:12:05,2024.10.29 05:13:00,XAUUSD,BUY,0.01,2757.25,2756.87,-0.38,-38.000000000010914
2024.10.29 05:03:08,2024.10.29 05:04:00,XAUUSD,BUY,0.01,2755.68,2754.81,-0.87,-86.99999999998909
2024.10.29 03:56:04,2024.10.29 05:01:10,XAUUSD,BUY,0.01,2746.6,2754.56,7.96,796.0000000000036
2024.10.29 03:47:30,2024.10.29 05:01:10,XAUUSD,BUY,0.01,2746.6,2754.56,7.96,796.0000000000036
2024.10.29 04:02:02,2024.10.29 05:01:10,XAUUSD,BUY,0.01,2746.59,2754.56,7.97,796.99999999998
2024.10.29 03:35:52,2024.10.29 05:01:10,XAUUSD,BUY,0.01,2746.67,2754.56,7.89,788.9999999999873
2024.10.29 03:47:12,2024.10.29 04:21:47,XAUUSD,BUY,0.01,2746.57,2747.37,0.8,79.99999999997272
2024.10.29 04:01:02,2024.10.29 04:02:00,XAUUSD,BUY,0.01,2746.55,2746.25,-0.3,-30.00000000001819
2024.10.29 03:52:34,2024.10.29 03:53:00,XAUUSD,BUY,0.01,2746.62,2746.22,-0.4,-40.000000000009095
2024.10.29 03:33:21,2024.10.29 03:34:00,XAUUSD,BUY,0.01,2746.56,2745.68,-0.88,-88.00000000001091
